地域,性別,年齢層,検査値範囲,人数
北海道,男,40～44歳,30以下,66657
北海道,男,40～44歳,31以上50以下,12391
北海道,男,40～44歳,51以上,2904
青森県,男,40～44歳,30以下,17074
青森県,男,40～44歳,31以上50以下,3686
青森県,男,40～44歳,51以上,955
岩手県,男,40～44歳,30以下,18653
岩手県,男,40～44歳,31以上50以下,4267
岩手県,男,40～44歳,51以上,1056
宮城県,男,40～44歳,30以下,39205
宮城県,男,40～44歳,31以上50以下,7513
宮城県,男,40～44歳,51以上,1885
秋田県,男,40～44歳,30以下,13507
秋田県,男,40～44歳,31以上50以下,2948
秋田県,男,40～44歳,51以上,762
山形県,男,40～44歳,30以下,18963
山形県,男,40～44歳,31以上50以下,3768
山形県,男,40～44歳,51以上,854
福島県,男,40～44歳,30以下,28218
福島県,男,40～44歳,31以上50以下,5498
福島県,男,40～44歳,51以上,1341
茨城県,男,40～44歳,30以下,46100
茨城県,男,40～44歳,31以上50以下,8717
茨城県,男,40～44歳,51以上,2067
栃木県,男,40～44歳,30以下,33392
栃木県,男,40～44歳,31以上50以下,6314
栃木県,男,40～44歳,51以上,1545
群馬県,男,40～44歳,30以下,30794
群馬県,男,40～44歳,31以上50以下,5576
群馬県,男,40～44歳,51以上,1195
埼玉県,男,40～44歳,30以下,120495
埼玉県,男,40～44歳,31以上50以下,21727
埼玉県,男,40～44歳,51以上,5137
千葉県,男,40～44歳,30以下,98850
千葉県,男,40～44歳,31以上50以下,17875
千葉県,男,40～44歳,51以上,4351
東京都,男,40～44歳,30以下,261389
東京都,男,40～44歳,31以上50以下,48247
東京都,男,40～44歳,51以上,11656
神奈川県,男,40～44歳,30以下,156707
神奈川県,男,40～44歳,31以上50以下,28202
神奈川県,男,40～44歳,51以上,6677
新潟県,男,40～44歳,30以下,38529
新潟県,男,40～44歳,31以上50以下,6851
新潟県,男,40～44歳,51以上,1519
富山県,男,40～44歳,30以下,18726
富山県,男,40～44歳,31以上50以下,3052
富山県,男,40～44歳,51以上,684
石川県,男,40～44歳,30以下,19187
石川県,男,40～44歳,31以上50以下,3103
石川県,男,40～44歳,51以上,714
福井県,男,40～44歳,30以下,13296
福井県,男,40～44歳,31以上50以下,2032
福井県,男,40～44歳,51以上,452
山梨県,男,40～44歳,30以下,12988
山梨県,男,40～44歳,31以上50以下,2172
山梨県,男,40～44歳,51以上,482
長野県,男,40～44歳,30以下,34944
長野県,男,40～44歳,31以上50以下,5520
長野県,男,40～44歳,51以上,1170
岐阜県,男,40～44歳,30以下,33318
岐阜県,男,40～44歳,31以上50以下,5011
岐阜県,男,40～44歳,51以上,1051
静岡県,男,40～44歳,30以下,63989
静岡県,男,40～44歳,31以上50以下,9945
静岡県,男,40～44歳,51以上,2294
愛知県,男,40～44歳,30以下,143953
愛知県,男,40～44歳,31以上50以下,21207
愛知県,男,40～44歳,51以上,4882
三重県,男,40～44歳,30以下,29107
三重県,男,40～44歳,31以上50以下,4742
三重県,男,40～44歳,51以上,1018
滋賀県,男,40～44歳,30以下,25417
滋賀県,男,40～44歳,31以上50以下,3895
滋賀県,男,40～44歳,51以上,811
京都府,男,40～44歳,30以下,37787
京都府,男,40～44歳,31以上50以下,5679
京都府,男,40～44歳,51以上,1213
大阪府,男,40～44歳,30以下,125716
大阪府,男,40～44歳,31以上50以下,21241
大阪府,男,40～44歳,51以上,4866
兵庫県,男,40～44歳,30以下,81668
兵庫県,男,40～44歳,31以上50以下,13277
兵庫県,男,40～44歳,51以上,2977
奈良県,男,40～44歳,30以下,17222
奈良県,男,40～44歳,31以上50以下,2739
奈良県,男,40～44歳,51以上,597
和歌山県,男,40～44歳,30以下,11940
和歌山県,男,40～44歳,31以上50以下,2128
和歌山県,男,40～44歳,51以上,433
鳥取県,男,40～44歳,30以下,8330
鳥取県,男,40～44歳,31以上50以下,1373
鳥取県,男,40～44歳,51以上,306
島根県,男,40～44歳,30以下,10573
島根県,男,40～44歳,31以上50以下,1867
島根県,男,40～44歳,51以上,413
岡山県,男,40～44歳,30以下,29657
岡山県,男,40～44歳,31以上50以下,4594
岡山県,男,40～44歳,51以上,952
広島県,男,40～44歳,30以下,44122
広島県,男,40～44歳,31以上50以下,7426
広島県,男,40～44歳,51以上,1685
山口県,男,40～44歳,30以下,19087
山口県,男,40～44歳,31以上50以下,3167
山口県,男,40～44歳,51以上,705
徳島県,男,40～44歳,30以下,10620
徳島県,男,40～44歳,31以上50以下,1804
徳島県,男,40～44歳,51以上,347
香川県,男,40～44歳,30以下,15011
香川県,男,40～44歳,31以上50以下,2413
香川県,男,40～44歳,51以上,541
愛媛県,男,40～44歳,30以下,19985
愛媛県,男,40～44歳,31以上50以下,3584
愛媛県,男,40～44歳,51以上,775
高知県,男,40～44歳,30以下,9808
高知県,男,40～44歳,31以上50以下,1798
高知県,男,40～44歳,51以上,422
福岡県,男,40～44歳,30以下,78319
福岡県,男,40～44歳,31以上50以下,13700
福岡県,男,40～44歳,51以上,3229
佐賀県,男,40～44歳,30以下,11987
佐賀県,男,40～44歳,31以上50以下,2058
佐賀県,男,40～44歳,51以上,523
長崎県,男,40～44歳,30以下,16518
長崎県,男,40～44歳,31以上50以下,2914
長崎県,男,40～44歳,51以上,734
熊本県,男,40～44歳,30以下,25602
熊本県,男,40～44歳,31以上50以下,4777
熊本県,男,40～44歳,51以上,1090
大分県,男,40～44歳,30以下,17567
大分県,男,40～44歳,31以上50以下,3115
大分県,男,40～44歳,51以上,695
宮崎県,男,40～44歳,30以下,15186
宮崎県,男,40～44歳,31以上50以下,2911
宮崎県,男,40～44歳,51以上,643
鹿児島県,男,40～44歳,30以下,21000
鹿児島県,男,40～44歳,31以上50以下,4106
鹿児島県,男,40～44歳,51以上,955
沖縄県,男,40～44歳,30以下,19199
沖縄県,男,40～44歳,31以上50以下,4200
沖縄県,男,40～44歳,51以上,1165
北海道,男,45～49歳,30以下,81493
北海道,男,45～49歳,31以上50以下,16112
北海道,男,45～49歳,51以上,3817
青森県,男,45～49歳,30以下,20166
青森県,男,45～49歳,31以上50以下,4444
青森県,男,45～49歳,51以上,1126
岩手県,男,45～49歳,30以下,21523
岩手県,男,45～49歳,31以上50以下,4963
岩手県,男,45～49歳,51以上,1239
宮城県,男,45～49歳,30以下,45095
宮城県,男,45～49歳,31以上50以下,8659
宮城県,男,45～49歳,51以上,2165
秋田県,男,45～49歳,30以下,15251
秋田県,男,45～49歳,31以上50以下,3554
秋田県,男,45～49歳,51以上,915
山形県,男,45～49歳,30以下,20584
山形県,男,45～49歳,31以上50以下,4197
山形県,男,45～49歳,51以上,965
福島県,男,45～49歳,30以下,32413
福島県,男,45～49歳,31以上50以下,6492
福島県,男,45～49歳,51以上,1550
茨城県,男,45～49歳,30以下,55438
茨城県,男,45～49歳,31以上50以下,10613
茨城県,男,45～49歳,51以上,2560
栃木県,男,45～49歳,30以下,39270
栃木県,男,45～49歳,31以上50以下,7753
栃木県,男,45～49歳,51以上,1820
群馬県,男,45～49歳,30以下,37636
群馬県,男,45～49歳,31以上50以下,6828
群馬県,男,45～49歳,51以上,1491
埼玉県,男,45～49歳,30以下,146833
埼玉県,男,45～49歳,31以上50以下,27025
埼玉県,男,45～49歳,51以上,6446
千葉県,男,45～49歳,30以下,120590
千葉県,男,45～49歳,31以上50以下,22203
千葉県,男,45～49歳,51以上,5632
東京都,男,45～49歳,30以下,293617
東京都,男,45～49歳,31以上50以下,55625
東京都,男,45～49歳,51以上,13730
神奈川県,男,45～49歳,30以下,189496
神奈川県,男,45～49歳,31以上50以下,35404
神奈川県,男,45～49歳,51以上,8294
新潟県,男,45～49歳,30以下,44814
新潟県,男,45～49歳,31以上50以下,8507
新潟県,男,45～49歳,51以上,1891
富山県,男,45～49歳,30以下,23549
富山県,男,45～49歳,31以上50以下,4265
富山県,男,45～49歳,51以上,974
石川県,男,45～49歳,30以下,24252
石川県,男,45～49歳,31以上50以下,4215
石川県,男,45～49歳,51以上,896
福井県,男,45～49歳,30以下,15495
福井県,男,45～49歳,31以上50以下,2606
福井県,男,45～49歳,51以上,542
山梨県,男,45～49歳,30以下,15748
山梨県,男,45～49歳,31以上50以下,2587
山梨県,男,45～49歳,51以上,590
長野県,男,45～49歳,30以下,42340
長野県,男,45～49歳,31以上50以下,7196
長野県,男,45～49歳,51以上,1520
岐阜県,男,45～49歳,30以下,41213
岐阜県,男,45～49歳,31以上50以下,6370
岐阜県,男,45～49歳,51以上,1423
静岡県,男,45～49歳,30以下,76946
静岡県,男,45～49歳,31以上50以下,12339
静岡県,男,45～49歳,51以上,2989
愛知県,男,45～49歳,30以下,170486
愛知県,男,45～49歳,31以上50以下,26273
愛知県,男,45～49歳,51以上,6092
三重県,男,45～49歳,30以下,36476
三重県,男,45～49歳,31以上50以下,6110
三重県,男,45～49歳,51以上,1426
滋賀県,男,45～49歳,30以下,29169
滋賀県,男,45～49歳,31以上50以下,4778
滋賀県,男,45～49歳,51以上,1022
京都府,男,45～49歳,30以下,46508
京都府,男,45～49歳,31以上50以下,7704
京都府,男,45～49歳,51以上,1744
大阪府,男,45～49歳,30以下,156806
大阪府,男,45～49歳,31以上50以下,27978
大阪府,男,45～49歳,51以上,6568
兵庫県,男,45～49歳,30以下,101614
兵庫県,男,45～49歳,31以上50以下,17302
兵庫県,男,45～49歳,51以上,3872
奈良県,男,45～49歳,30以下,22080
奈良県,男,45～49歳,31以上50以下,3642
奈良県,男,45～49歳,51以上,871
和歌山県,男,45～49歳,30以下,15267
和歌山県,男,45～49歳,31以上50以下,2727
和歌山県,男,45～49歳,51以上,600
鳥取県,男,45～49歳,30以下,9460
鳥取県,男,45～49歳,31以上50以下,1616
鳥取県,男,45～49歳,51以上,398
島根県,男,45～49歳,30以下,12428
島根県,男,45～49歳,31以上50以下,2259
島根県,男,45～49歳,51以上,542
岡山県,男,45～49歳,30以下,36501
岡山県,男,45～49歳,31以上50以下,5772
岡山県,男,45～49歳,51以上,1326
広島県,男,45～49歳,30以下,55212
広島県,男,45～49歳,31以上50以下,9537
広島県,男,45～49歳,51以上,2163
山口県,男,45～49歳,30以下,24056
山口県,男,45～49歳,31以上50以下,4226
山口県,男,45～49歳,51以上,973
徳島県,男,45～49歳,30以下,12277
徳島県,男,45～49歳,31以上50以下,2117
徳島県,男,45～49歳,51以上,525
香川県,男,45～49歳,30以下,18510
香川県,男,45～49歳,31以上50以下,3225
香川県,男,45～49歳,51以上,709
愛媛県,男,45～49歳,30以下,24545
愛媛県,男,45～49歳,31以上50以下,4591
愛媛県,男,45～49歳,51以上,1042
高知県,男,45～49歳,30以下,11984
高知県,男,45～49歳,31以上50以下,2308
高知県,男,45～49歳,51以上,523
福岡県,男,45～49歳,30以下,88817
福岡県,男,45～49歳,31以上50以下,16001
福岡県,男,45～49歳,51以上,3955
佐賀県,男,45～49歳,30以下,13112
佐賀県,男,45～49歳,31以上50以下,2330
佐賀県,男,45～49歳,51以上,518
長崎県,男,45～49歳,30以下,19663
長崎県,男,45～49歳,31以上50以下,3574
長崎県,男,45～49歳,51以上,858
熊本県,男,45～49歳,30以下,28198
熊本県,男,45～49歳,31以上50以下,5282
熊本県,男,45～49歳,51以上,1229
大分県,男,45～49歳,30以下,20415
大分県,男,45～49歳,31以上50以下,3873
大分県,男,45～49歳,51以上,863
宮崎県,男,45～49歳,30以下,17071
宮崎県,男,45～49歳,31以上50以下,3346
宮崎県,男,45～49歳,51以上,847
鹿児島県,男,45～49歳,30以下,23140
鹿児島県,男,45～49歳,31以上50以下,4584
鹿児島県,男,45～49歳,51以上,1136
沖縄県,男,45～49歳,30以下,22318
沖縄県,男,45～49歳,31以上50以下,4960
沖縄県,男,45～49歳,51以上,1308
北海道,男,50～54歳,30以下,75740
北海道,男,50～54歳,31以上50以下,14738
北海道,男,50～54歳,51以上,3644
青森県,男,50～54歳,30以下,19427
青森県,男,50～54歳,31以上50以下,4162
青森県,男,50～54歳,51以上,1053
岩手県,男,50～54歳,30以下,20066
岩手県,男,50～54歳,31以上50以下,4601
岩手県,男,50～54歳,51以上,1100
宮城県,男,50～54歳,30以下,41367
宮城県,男,50～54歳,31以上50以下,7656
宮城県,男,50～54歳,51以上,2029
秋田県,男,50～54歳,30以下,14283
秋田県,男,50～54歳,31以上50以下,3140
秋田県,男,50～54歳,51以上,801
山形県,男,50～54歳,30以下,19095
山形県,男,50～54歳,31以上50以下,3670
山形県,男,50～54歳,51以上,947
福島県,男,50～54歳,30以下,29930
福島県,男,50～54歳,31以上50以下,5744
福島県,男,50～54歳,51以上,1396
茨城県,男,50～54歳,30以下,52727
茨城県,男,50～54歳,31以上50以下,9721
茨城県,男,50～54歳,51以上,2468
栃木県,男,50～54歳,30以下,36405
栃木県,男,50～54歳,31以上50以下,6802
栃木県,男,50～54歳,51以上,1696
群馬県,男,50～54歳,30以下,36375
群馬県,男,50～54歳,31以上50以下,6252
群馬県,男,50～54歳,51以上,1433
埼玉県,男,50～54歳,30以下,142776
埼玉県,男,50～54歳,31以上50以下,25744
埼玉県,男,50～54歳,51以上,6347
千葉県,男,50～54歳,30以下,119067
千葉県,男,50～54歳,31以上50以下,21512
千葉県,男,50～54歳,51以上,5329
東京都,男,50～54歳,30以下,289438
東京都,男,50～54歳,31以上50以下,53385
東京都,男,50～54歳,51以上,13003
神奈川県,男,50～54歳,30以下,194600
神奈川県,男,50～54歳,31以上50以下,35049
神奈川県,男,50～54歳,51以上,8462
新潟県,男,50～54歳,30以下,41939
新潟県,男,50～54歳,31以上50以下,7912
新潟県,男,50～54歳,51以上,1883
富山県,男,50～54歳,30以下,21822
富山県,男,50～54歳,31以上50以下,3873
富山県,男,50～54歳,51以上,859
石川県,男,50～54歳,30以下,21803
石川県,男,50～54歳,31以上50以下,3658
石川県,男,50～54歳,51以上,909
福井県,男,50～54歳,30以下,14243
福井県,男,50～54歳,31以上50以下,2290
福井県,男,50～54歳,51以上,557
山梨県,男,50～54歳,30以下,16022
山梨県,男,50～54歳,31以上50以下,2566
山梨県,男,50～54歳,51以上,641
長野県,男,50～54歳,30以下,40883
長野県,男,50～54歳,31以上50以下,6741
長野県,男,50～54歳,51以上,1525
岐阜県,男,50～54歳,30以下,39124
岐阜県,男,50～54歳,31以上50以下,6049
岐阜県,男,50～54歳,51以上,1383
静岡県,男,50～54歳,30以下,74793
静岡県,男,50～54歳,31以上50以下,11639
静岡県,男,50～54歳,51以上,2862
愛知県,男,50～54歳,30以下,165758
愛知県,男,50～54歳,31以上50以下,24633
愛知県,男,50～54歳,51以上,6078
三重県,男,50～54歳,30以下,35638
三重県,男,50～54歳,31以上50以下,5713
三重県,男,50～54歳,51以上,1345
滋賀県,男,50～54歳,30以下,26659
滋賀県,男,50～54歳,31以上50以下,4306
滋賀県,男,50～54歳,51以上,996
京都府,男,50～54歳,30以下,44524
京都府,男,50～54歳,31以上50以下,7216
京都府,男,50～54歳,51以上,1699
大阪府,男,50～54歳,30以下,157060
大阪府,男,50～54歳,31以上50以下,27508
大阪府,男,50～54歳,51以上,6695
兵庫県,男,50～54歳,30以下,99535
兵庫県,男,50～54歳,31以上50以下,16966
兵庫県,男,50～54歳,51以上,3975
奈良県,男,50～54歳,30以下,22270
奈良県,男,50～54歳,31以上50以下,3682
奈良県,男,50～54歳,51以上,794
和歌山県,男,50～54歳,30以下,14503
和歌山県,男,50～54歳,31以上50以下,2577
和歌山県,男,50～54歳,51以上,678
鳥取県,男,50～54歳,30以下,8485
鳥取県,男,50～54歳,31以上50以下,1377
鳥取県,男,50～54歳,51以上,347
島根県,男,50～54歳,30以下,10891
島根県,男,50～54歳,31以上50以下,2018
島根県,男,50～54歳,51以上,490
岡山県,男,50～54歳,30以下,32914
岡山県,男,50～54歳,31以上50以下,5149
岡山県,男,50～54歳,51以上,1230
広島県,男,50～54歳,30以下,51327
広島県,男,50～54歳,31以上50以下,8872
広島県,男,50～54歳,51以上,2104
山口県,男,50～54歳,30以下,21667
山口県,男,50～54歳,31以上50以下,3840
山口県,男,50～54歳,51以上,884
徳島県,男,50～54歳,30以下,11213
徳島県,男,50～54歳,31以上50以下,1960
徳島県,男,50～54歳,51以上,444
香川県,男,50～54歳,30以下,16632
香川県,男,50～54歳,31以上50以下,2780
香川県,男,50～54歳,51以上,662
愛媛県,男,50～54歳,30以下,21981
愛媛県,男,50～54歳,31以上50以下,4020
愛媛県,男,50～54歳,51以上,962
高知県,男,50～54歳,30以下,10447
高知県,男,50～54歳,31以上50以下,2047
高知県,男,50～54歳,51以上,497
福岡県,男,50～54歳,30以下,80108
福岡県,男,50～54歳,31以上50以下,13909
福岡県,男,50～54歳,51以上,3612
佐賀県,男,50～54歳,30以下,11734
佐賀県,男,50～54歳,31以上50以下,2099
佐賀県,男,50～54歳,51以上,543
長崎県,男,50～54歳,30以下,19044
長崎県,男,50～54歳,31以上50以下,3284
長崎県,男,50～54歳,51以上,827
熊本県,男,50～54歳,30以下,25702
熊本県,男,50～54歳,31以上50以下,4297
熊本県,男,50～54歳,51以上,1126
大分県,男,50～54歳,30以下,18129
大分県,男,50～54歳,31以上50以下,3284
大分県,男,50～54歳,51以上,763
宮崎県,男,50～54歳,30以下,15287
宮崎県,男,50～54歳,31以上50以下,2859
宮崎県,男,50～54歳,51以上,692
鹿児島県,男,50～54歳,30以下,21806
鹿児島県,男,50～54歳,31以上50以下,3942
鹿児島県,男,50～54歳,51以上,1005
沖縄県,男,50～54歳,30以下,20076
沖縄県,男,50～54歳,31以上50以下,4102
沖縄県,男,50～54歳,51以上,1136
北海道,男,55～59歳,30以下,67768
北海道,男,55～59歳,31以上50以下,13027
北海道,男,55～59歳,51以上,3136
青森県,男,55～59歳,30以下,18210
青森県,男,55～59歳,31以上50以下,3870
青森県,男,55～59歳,51以上,1074
岩手県,男,55～59歳,30以下,18982
岩手県,男,55～59歳,31以上50以下,4074
岩手県,男,55～59歳,51以上,1081
宮城県,男,55～59歳,30以下,35675
宮城県,男,55～59歳,31以上50以下,6481
宮城県,男,55～59歳,51以上,1713
秋田県,男,55～59歳,30以下,14238
秋田県,男,55～59歳,31以上50以下,3123
秋田県,男,55～59歳,51以上,727
山形県,男,55～59歳,30以下,18191
山形県,男,55～59歳,31以上50以下,3445
山形県,男,55～59歳,51以上,801
福島県,男,55～59歳,30以下,28414
福島県,男,55～59歳,31以上50以下,5221
福島県,男,55～59歳,51以上,1265
茨城県,男,55～59歳,30以下,43987
茨城県,男,55～59歳,31以上50以下,7733
茨城県,男,55～59歳,51以上,1969
栃木県,男,55～59歳,30以下,30439
栃木県,男,55～59歳,31以上50以下,5601
栃木県,男,55～59歳,51以上,1386
群馬県,男,55～59歳,30以下,30629
群馬県,男,55～59歳,31以上50以下,4910
群馬県,男,55～59歳,51以上,1192
埼玉県,男,55～59歳,30以下,113703
埼玉県,男,55～59歳,31以上50以下,19532
埼玉県,男,55～59歳,51以上,4872
千葉県,男,55～59歳,30以下,94193
千葉県,男,55～59歳,31以上50以下,16380
千葉県,男,55～59歳,51以上,4137
東京都,男,55～59歳,30以下,236072
東京都,男,55～59歳,31以上50以下,41856
東京都,男,55～59歳,51以上,10550
神奈川県,男,55～59歳,30以下,159513
神奈川県,男,55～59歳,31以上50以下,27692
神奈川県,男,55～59歳,51以上,6886
新潟県,男,55～59歳,30以下,37414
新潟県,男,55～59歳,31以上50以下,6856
新潟県,男,55～59歳,51以上,1656
富山県,男,55～59歳,30以下,17619
富山県,男,55～59歳,31以上50以下,3038
富山県,男,55～59歳,51以上,717
石川県,男,55～59歳,30以下,17783
石川県,男,55～59歳,31以上50以下,2954
石川県,男,55～59歳,51以上,741
福井県,男,55～59歳,30以下,12305
福井県,男,55～59歳,31以上50以下,2033
福井県,男,55～59歳,51以上,480
山梨県,男,55～59歳,30以下,14325
山梨県,男,55～59歳,31以上50以下,2342
山梨県,男,55～59歳,51以上,607
長野県,男,55～59歳,30以下,35139
長野県,男,55～59歳,31以上50以下,5542
長野県,男,55～59歳,51以上,1272
岐阜県,男,55～59歳,30以下,32759
岐阜県,男,55～59歳,31以上50以下,4976
岐阜県,男,55～59歳,51以上,1195
静岡県,男,55～59歳,30以下,62900
静岡県,男,55～59歳,31以上50以下,9673
静岡県,男,55～59歳,51以上,2283
愛知県,男,55～59歳,30以下,131732
愛知県,男,55～59歳,31以上50以下,19419
愛知県,男,55～59歳,51以上,4687
三重県,男,55～59歳,30以下,30173
三重県,男,55～59歳,31以上50以下,4799
三重県,男,55～59歳,51以上,1121
滋賀県,男,55～59歳,30以下,22109
滋賀県,男,55～59歳,31以上50以下,3526
滋賀県,男,55～59歳,51以上,826
京都府,男,55～59歳,30以下,36115
京都府,男,55～59歳,31以上50以下,5857
京都府,男,55～59歳,51以上,1469
大阪府,男,55～59歳,30以下,122785
大阪府,男,55～59歳,31以上50以下,20824
大阪府,男,55～59歳,51以上,5192
兵庫県,男,55～59歳,30以下,81488
兵庫県,男,55～59歳,31以上50以下,13711
兵庫県,男,55～59歳,51以上,3317
奈良県,男,55～59歳,30以下,18805
奈良県,男,55～59歳,31以上50以下,3027
奈良県,男,55～59歳,51以上,717
和歌山県,男,55～59歳,30以下,12769
和歌山県,男,55～59歳,31以上50以下,2146
和歌山県,男,55～59歳,51以上,563
鳥取県,男,55～59歳,30以下,7758
鳥取県,男,55～59歳,31以上50以下,1220
鳥取県,男,55～59歳,51以上,326
島根県,男,55～59歳,30以下,9746
島根県,男,55～59歳,31以上50以下,1797
島根県,男,55～59歳,51以上,438
岡山県,男,55～59歳,30以下,26906
岡山県,男,55～59歳,31以上50以下,4147
岡山県,男,55～59歳,51以上,1006
広島県,男,55～59歳,30以下,41576
広島県,男,55～59歳,31以上50以下,7029
広島県,男,55～59歳,51以上,1790
山口県,男,55～59歳,30以下,17917
山口県,男,55～59歳,31以上50以下,3173
山口県,男,55～59歳,51以上,807
徳島県,男,55～59歳,30以下,9959
徳島県,男,55～59歳,31以上50以下,1690
徳島県,男,55～59歳,51以上,393
香川県,男,55～59歳,30以下,13854
香川県,男,55～59歳,31以上50以下,2204
香川県,男,55～59歳,51以上,559
愛媛県,男,55～59歳,30以下,19273
愛媛県,男,55～59歳,31以上50以下,3390
愛媛県,男,55～59歳,51以上,817
高知県,男,55～59歳,30以下,8953
高知県,男,55～59歳,31以上50以下,1862
高知県,男,55～59歳,51以上,450
福岡県,男,55～59歳,30以下,66118
福岡県,男,55～59歳,31以上50以下,11349
福岡県,男,55～59歳,51以上,2797
佐賀県,男,55～59歳,30以下,11304
佐賀県,男,55～59歳,31以上50以下,1869
佐賀県,男,55～59歳,51以上,457
長崎県,男,55～59歳,30以下,17799
長崎県,男,55～59歳,31以上50以下,3019
長崎県,男,55～59歳,51以上,818
熊本県,男,55～59歳,30以下,24647
熊本県,男,55～59歳,31以上50以下,4068
熊本県,男,55～59歳,51以上,1071
大分県,男,55～59歳,30以下,16277
大分県,男,55～59歳,31以上50以下,2860
大分県,男,55～59歳,51以上,674
宮崎県,男,55～59歳,30以下,14202
宮崎県,男,55～59歳,31以上50以下,2522
宮崎県,男,55～59歳,51以上,675
鹿児島県,男,55～59歳,30以下,21561
鹿児島県,男,55～59歳,31以上50以下,3922
鹿児島県,男,55～59歳,51以上,933
沖縄県,男,55～59歳,30以下,17268
沖縄県,男,55～59歳,31以上50以下,3195
沖縄県,男,55～59歳,51以上,891
北海道,男,60～64歳,30以下,60413
北海道,男,60～64歳,31以上50以下,11431
北海道,男,60～64歳,51以上,2742
青森県,男,60～64歳,30以下,17221
青森県,男,60～64歳,31以上50以下,3667
青森県,男,60～64歳,51以上,911
岩手県,男,60～64歳,30以下,17870
岩手県,男,60～64歳,31以上50以下,3886
岩手県,男,60～64歳,51以上,1019
宮城県,男,60～64歳,30以下,32448
宮城県,男,60～64歳,31以上50以下,5937
宮城県,男,60～64歳,51以上,1522
秋田県,男,60～64歳,30以下,14169
秋田県,男,60～64歳,31以上50以下,3143
秋田県,男,60～64歳,51以上,726
山形県,男,60～64歳,30以下,18244
山形県,男,60～64歳,31以上50以下,3472
山形県,男,60～64歳,51以上,813
福島県,男,60～64歳,30以下,27243
福島県,男,60～64歳,31以上50以下,5011
福島県,男,60～64歳,51以上,1183
茨城県,男,60～64歳,30以下,37085
茨城県,男,60～64歳,31以上50以下,6708
茨城県,男,60～64歳,51以上,1506
栃木県,男,60～64歳,30以下,26632
栃木県,男,60～64歳,31以上50以下,4855
栃木県,男,60～64歳,51以上,1146
群馬県,男,60～64歳,30以下,25979
群馬県,男,60～64歳,31以上50以下,4347
群馬県,男,60～64歳,51以上,974
埼玉県,男,60～64歳,30以下,89202
埼玉県,男,60～64歳,31以上50以下,14695
埼玉県,男,60～64歳,51以上,3434
千葉県,男,60～64歳,30以下,73535
千葉県,男,60～64歳,31以上50以下,12426
千葉県,男,60～64歳,51以上,3091
東京都,男,60～64歳,30以下,168006
東京都,男,60～64歳,31以上50以下,29318
東京都,男,60～64歳,51以上,7290
神奈川県,男,60～64歳,30以下,113101
神奈川県,男,60～64歳,31以上50以下,19014
神奈川県,男,60～64歳,51以上,4553
新潟県,男,60～64歳,30以下,33791
新潟県,男,60～64歳,31以上50以下,6275
新潟県,男,60～64歳,51以上,1488
富山県,男,60～64歳,30以下,14854
富山県,男,60～64歳,31以上50以下,2599
富山県,男,60～64歳,51以上,600
石川県,男,60～64歳,30以下,15076
石川県,男,60～64歳,31以上50以下,2492
石川県,男,60～64歳,51以上,651
福井県,男,60～64歳,30以下,10687
福井県,男,60～64歳,31以上50以下,1792
福井県,男,60～64歳,51以上,448
山梨県,男,60～64歳,30以下,12382
山梨県,男,60～64歳,31以上50以下,1979
山梨県,男,60～64歳,51以上,465
長野県,男,60～64歳,30以下,29859
長野県,男,60～64歳,31以上50以下,4819
長野県,男,60～64歳,51以上,1013
岐阜県,男,60～64歳,30以下,27991
岐阜県,男,60～64歳,31以上50以下,4206
岐阜県,男,60～64歳,51以上,975
静岡県,男,60～64歳,30以下,52922
静岡県,男,60～64歳,31以上50以下,7901
静岡県,男,60～64歳,51以上,1760
愛知県,男,60～64歳,30以下,97997
愛知県,男,60～64歳,31以上50以下,13996
愛知県,男,60～64歳,51以上,3327
三重県,男,60～64歳,30以下,24677
三重県,男,60～64歳,31以上50以下,4050
三重県,男,60～64歳,51以上,955
滋賀県,男,60～64歳,30以下,18426
滋賀県,男,60～64歳,31以上50以下,3019
滋賀県,男,60～64歳,51以上,665
京都府,男,60～64歳,30以下,29554
京都府,男,60～64歳,31以上50以下,4680
京都府,男,60～64歳,51以上,1043
大阪府,男,60～64歳,30以下,90658
大阪府,男,60～64歳,31以上50以下,15399
大阪府,男,60～64歳,51以上,3711
兵庫県,男,60～64歳,30以下,66605
兵庫県,男,60～64歳,31以上50以下,10876
兵庫県,男,60～64歳,51以上,2578
奈良県,男,60～64歳,30以下,15707
奈良県,男,60～64歳,31以上50以下,2465
奈良県,男,60～64歳,51以上,545
和歌山県,男,60～64歳,30以下,11523
和歌山県,男,60～64歳,31以上50以下,2021
和歌山県,男,60～64歳,51以上,484
鳥取県,男,60～64歳,30以下,7143
鳥取県,男,60～64歳,31以上50以下,1262
鳥取県,男,60～64歳,51以上,283
島根県,男,60～64歳,30以下,9652
島根県,男,60～64歳,31以上50以下,1896
島根県,男,60～64歳,51以上,437
岡山県,男,60～64歳,30以下,23198
岡山県,男,60～64歳,31以上50以下,3683
岡山県,男,60～64歳,51以上,866
広島県,男,60～64歳,30以下,34718
広島県,男,60～64歳,31以上50以下,5740
広島県,男,60～64歳,51以上,1444
山口県,男,60～64歳,30以下,16501
山口県,男,60～64歳,31以上50以下,2839
山口県,男,60～64歳,51以上,656
徳島県,男,60～64歳,30以下,9267
徳島県,男,60～64歳,31以上50以下,1508
徳島県,男,60～64歳,51以上,352
香川県,男,60～64歳,30以下,12465
香川県,男,60～64歳,31以上50以下,1970
香川県,男,60～64歳,51以上,487
愛媛県,男,60～64歳,30以下,17192
愛媛県,男,60～64歳,31以上50以下,2986
愛媛県,男,60～64歳,51以上,730
高知県,男,60～64歳,30以下,8389
高知県,男,60～64歳,31以上50以下,1613
高知県,男,60～64歳,51以上,398
福岡県,男,60～64歳,30以下,58228
福岡県,男,60～64歳,31以上50以下,9862
福岡県,男,60～64歳,51以上,2465
佐賀県,男,60～64歳,30以下,10691
佐賀県,男,60～64歳,31以上50以下,1719
佐賀県,男,60～64歳,51以上,451
長崎県,男,60～64歳,30以下,17151
長崎県,男,60～64歳,31以上50以下,3025
長崎県,男,60～64歳,51以上,758
熊本県,男,60～64歳,30以下,23251
熊本県,男,60～64歳,31以上50以下,3991
熊本県,男,60～64歳,51以上,933
大分県,男,60～64歳,30以下,15734
大分県,男,60～64歳,31以上50以下,2819
大分県,男,60～64歳,51以上,603
宮崎県,男,60～64歳,30以下,13859
宮崎県,男,60～64歳,31以上50以下,2530
宮崎県,男,60～64歳,51以上,621
鹿児島県,男,60～64歳,30以下,21834
鹿児島県,男,60～64歳,31以上50以下,4171
鹿児島県,男,60～64歳,51以上,884
沖縄県,男,60～64歳,30以下,15347
沖縄県,男,60～64歳,31以上50以下,2736
沖縄県,男,60～64歳,51以上,684
北海道,男,65～69歳,30以下,44806
北海道,男,65～69歳,31以上50以下,8509
北海道,男,65～69歳,51以上,1845
青森県,男,65～69歳,30以下,14127
青森県,男,65～69歳,31以上50以下,3004
青森県,男,65～69歳,51以上,644
岩手県,男,65～69歳,30以下,15958
岩手県,男,65～69歳,31以上50以下,3668
岩手県,男,65～69歳,51以上,768
宮城県,男,65～69歳,30以下,29846
宮城県,男,65～69歳,31以上50以下,5235
宮城県,男,65～69歳,51以上,1235
秋田県,男,65～69歳,30以下,12516
秋田県,男,65～69歳,31以上50以下,2861
秋田県,男,65～69歳,51以上,600
山形県,男,65～69歳,30以下,17301
山形県,男,65～69歳,31以上50以下,3344
山形県,男,65～69歳,51以上,736
福島県,男,65～69歳,30以下,24890
福島県,男,65～69歳,31以上50以下,4642
福島県,男,65～69歳,51以上,1008
茨城県,男,65～69歳,30以下,32658
茨城県,男,65～69歳,31以上50以下,5520
茨城県,男,65～69歳,51以上,1096
栃木県,男,65～69歳,30以下,22803
栃木県,男,65～69歳,31以上50以下,4493
栃木県,男,65～69歳,51以上,850
群馬県,男,65～69歳,30以下,23030
群馬県,男,65～69歳,31以上50以下,3932
群馬県,男,65～69歳,51以上,774
埼玉県,男,65～69歳,30以下,74154
埼玉県,男,65～69歳,31以上50以下,12085
埼玉県,男,65～69歳,51以上,2633
千葉県,男,65～69歳,30以下,61432
千葉県,男,65～69歳,31以上50以下,10083
千葉県,男,65～69歳,51以上,2173
東京都,男,65～69歳,30以下,119183
東京都,男,65～69歳,31以上50以下,20571
東京都,男,65～69歳,51以上,4815
神奈川県,男,65～69歳,30以下,76159
神奈川県,男,65～69歳,31以上50以下,12683
神奈川県,男,65～69歳,51以上,2709
新潟県,男,65～69歳,30以下,29739
新潟県,男,65～69歳,31以上50以下,5806
新潟県,男,65～69歳,51以上,1160
富山県,男,65～69歳,30以下,12390
富山県,男,65～69歳,31以上50以下,2205
富山県,男,65～69歳,51以上,465
石川県,男,65～69歳,30以下,12550
石川県,男,65～69歳,31以上50以下,2145
石川県,男,65～69歳,51以上,478
福井県,男,65～69歳,30以下,8372
福井県,男,65～69歳,31以上50以下,1441
福井県,男,65～69歳,51以上,320
山梨県,男,65～69歳,30以下,11279
山梨県,男,65～69歳,31以上50以下,1815
山梨県,男,65～69歳,51以上,345
長野県,男,65～69歳,30以下,26335
長野県,男,65～69歳,31以上50以下,4533
長野県,男,65～69歳,51以上,898
岐阜県,男,65～69歳,30以下,23661
岐阜県,男,65～69歳,31以上50以下,3818
岐阜県,男,65～69歳,51以上,783
静岡県,男,65～69歳,30以下,40986
静岡県,男,65～69歳,31以上50以下,6300
静岡県,男,65～69歳,51以上,1311
愛知県,男,65～69歳,30以下,70596
愛知県,男,65～69歳,31以上50以下,10449
愛知県,男,65～69歳,51以上,2417
三重県,男,65～69歳,30以下,20492
三重県,男,65～69歳,31以上50以下,3544
三重県,男,65～69歳,51以上,715
滋賀県,男,65～69歳,30以下,14929
滋賀県,男,65～69歳,31以上50以下,2516
滋賀県,男,65～69歳,51以上,517
京都府,男,65～69歳,30以下,22487
京都府,男,65～69歳,31以上50以下,3692
京都府,男,65～69歳,51以上,754
大阪府,男,65～69歳,30以下,64815
大阪府,男,65～69歳,31以上50以下,10966
大阪府,男,65～69歳,51以上,2514
兵庫県,男,65～69歳,30以下,52311
兵庫県,男,65～69歳,31以上50以下,8705
兵庫県,男,65～69歳,51以上,1836
奈良県,男,65～69歳,30以下,12738
奈良県,男,65～69歳,31以上50以下,2108
奈良県,男,65～69歳,51以上,439
和歌山県,男,65～69歳,30以下,9754
和歌山県,男,65～69歳,31以上50以下,1680
和歌山県,男,65～69歳,51以上,384
鳥取県,男,65～69歳,30以下,5882
鳥取県,男,65～69歳,31以上50以下,1019
鳥取県,男,65～69歳,51以上,236
島根県,男,65～69歳,30以下,8832
島根県,男,65～69歳,31以上50以下,1956
島根県,男,65～69歳,51以上,399
岡山県,男,65～69歳,30以下,18977
岡山県,男,65～69歳,31以上50以下,3083
岡山県,男,65～69歳,51以上,650
広島県,男,65～69歳,30以下,26519
広島県,男,65～69歳,31以上50以下,4123
広島県,男,65～69歳,51以上,975
山口県,男,65～69歳,30以下,13860
山口県,男,65～69歳,31以上50以下,2542
山口県,男,65～69歳,51以上,556
徳島県,男,65～69歳,30以下,8550
徳島県,男,65～69歳,31以上50以下,1425
徳島県,男,65～69歳,51以上,279
香川県,男,65～69歳,30以下,11007
香川県,男,65～69歳,31以上50以下,1834
香川県,男,65～69歳,51以上,405
愛媛県,男,65～69歳,30以下,13674
愛媛県,男,65～69歳,31以上50以下,2320
愛媛県,男,65～69歳,51以上,527
高知県,男,65～69歳,30以下,7513
高知県,男,65～69歳,31以上50以下,1490
高知県,男,65～69歳,51以上,340
福岡県,男,65～69歳,30以下,48525
福岡県,男,65～69歳,31以上50以下,8072
福岡県,男,65～69歳,51以上,1791
佐賀県,男,65～69歳,30以下,9889
佐賀県,男,65～69歳,31以上50以下,1674
佐賀県,男,65～69歳,51以上,355
長崎県,男,65～69歳,30以下,15783
長崎県,男,65～69歳,31以上50以下,2748
長崎県,男,65～69歳,51以上,628
熊本県,男,65～69歳,30以下,20922
熊本県,男,65～69歳,31以上50以下,3658
熊本県,男,65～69歳,51以上,797
大分県,男,65～69歳,30以下,13909
大分県,男,65～69歳,31以上50以下,2630
大分県,男,65～69歳,51以上,489
宮崎県,男,65～69歳,30以下,12364
宮崎県,男,65～69歳,31以上50以下,2511
宮崎県,男,65～69歳,51以上,538
鹿児島県,男,65～69歳,30以下,20673
鹿児島県,男,65～69歳,31以上50以下,4074
鹿児島県,男,65～69歳,51以上,802
沖縄県,男,65～69歳,30以下,13738
沖縄県,男,65～69歳,31以上50以下,2279
沖縄県,男,65～69歳,51以上,487
北海道,男,70～74歳,30以下,39702
北海道,男,70～74歳,31以上50以下,7245
北海道,男,70～74歳,51以上,1339
青森県,男,70～74歳,30以下,14368
青森県,男,70～74歳,31以上50以下,3049
青森県,男,70～74歳,51以上,599
岩手県,男,70～74歳,30以下,17149
岩手県,男,70～74歳,31以上50以下,3742
岩手県,男,70～74歳,51以上,702
宮城県,男,70～74歳,30以下,32490
宮城県,男,70～74歳,31以上50以下,5583
宮城県,男,70～74歳,51以上,1047
秋田県,男,70～74歳,30以下,12630
秋田県,男,70～74歳,31以上50以下,2962
秋田県,男,70～74歳,51以上,479
山形県,男,70～74歳,30以下,18050
山形県,男,70～74歳,31以上50以下,3637
山形県,男,70～74歳,51以上,630
福島県,男,70～74歳,30以下,26323
福島県,男,70～74歳,31以上50以下,4888
福島県,男,70～74歳,51以上,944
茨城県,男,70～74歳,30以下,34018
茨城県,男,70～74歳,31以上50以下,5551
茨城県,男,70～74歳,51以上,894
栃木県,男,70～74歳,30以下,23548
栃木県,男,70～74歳,31以上50以下,4677
栃木県,男,70～74歳,51以上,746
群馬県,男,70～74歳,30以下,26745
群馬県,男,70～74歳,31以上50以下,4571
群馬県,男,70～74歳,51以上,814
埼玉県,男,70～74歳,30以下,88408
埼玉県,男,70～74歳,31以上50以下,14343
埼玉県,男,70～74歳,51以上,2717
千葉県,男,70～74歳,30以下,73566
千葉県,男,70～74歳,31以上50以下,11486
千葉県,男,70～74歳,51以上,2137
東京都,男,70～74歳,30以下,139545
東京都,男,70～74歳,31以上50以下,22752
東京都,男,70～74歳,51以上,4455
神奈川県,男,70～74歳,30以下,84339
神奈川県,男,70～74歳,31以上50以下,13264
神奈川県,男,70～74歳,51以上,2440
新潟県,男,70～74歳,30以下,32909
新潟県,男,70～74歳,31以上50以下,6415
新潟県,男,70～74歳,51以上,1152
富山県,男,70～74歳,30以下,14957
富山県,男,70～74歳,31以上50以下,2400
富山県,男,70～74歳,51以上,501
石川県,男,70～74歳,30以下,15397
石川県,男,70～74歳,31以上50以下,2682
石川県,男,70～74歳,51以上,520
福井県,男,70～74歳,30以下,8586
福井県,男,70～74歳,31以上50以下,1534
福井県,男,70～74歳,51以上,273
山梨県,男,70～74歳,30以下,12038
山梨県,男,70～74歳,31以上50以下,1893
山梨県,男,70～74歳,51以上,335
長野県,男,70～74歳,30以下,30790
長野県,男,70～74歳,31以上50以下,5093
長野県,男,70～74歳,51以上,862
岐阜県,男,70～74歳,30以下,27519
岐阜県,男,70～74歳,31以上50以下,4394
岐阜県,男,70～74歳,51以上,820
静岡県,男,70～74歳,30以下,44947
静岡県,男,70～74歳,31以上50以下,6964
静岡県,男,70～74歳,51以上,1215
愛知県,男,70～74歳,30以下,83533
愛知県,男,70～74歳,31以上50以下,12223
愛知県,男,70～74歳,51以上,2452
三重県,男,70～74歳,30以下,24751
三重県,男,70～74歳,31以上50以下,4418
三重県,男,70～74歳,51以上,787
滋賀県,男,70～74歳,30以下,16978
滋賀県,男,70～74歳,31以上50以下,2978
滋賀県,男,70～74歳,51以上,509
京都府,男,70～74歳,30以下,27025
京都府,男,70～74歳,31以上50以下,4304
京都府,男,70～74歳,51以上,804
大阪府,男,70～74歳,30以下,75129
大阪府,男,70～74歳,31以上50以下,12804
大阪府,男,70～74歳,51以上,2422
兵庫県,男,70～74歳,30以下,60158
兵庫県,男,70～74歳,31以上50以下,9645
兵庫県,男,70～74歳,51以上,1828
奈良県,男,70～74歳,30以下,15565
奈良県,男,70～74歳,31以上50以下,2487
奈良県,男,70～74歳,51以上,431
和歌山県,男,70～74歳,30以下,11409
和歌山県,男,70～74歳,31以上50以下,1984
和歌山県,男,70～74歳,51以上,374
鳥取県,男,70～74歳,30以下,5775
鳥取県,男,70～74歳,31以上50以下,1046
鳥取県,男,70～74歳,51以上,197
島根県,男,70～74歳,30以下,10311
島根県,男,70～74歳,31以上50以下,2358
島根県,男,70～74歳,51以上,404
岡山県,男,70～74歳,30以下,19859
岡山県,男,70～74歳,31以上50以下,3242
岡山県,男,70～74歳,51以上,620
広島県,男,70～74歳,30以下,27676
広島県,男,70～74歳,31以上50以下,4404
広島県,男,70～74歳,51以上,803
山口県,男,70～74歳,30以下,15581
山口県,男,70～74歳,31以上50以下,2750
山口県,男,70～74歳,51以上,479
徳島県,男,70～74歳,30以下,10006
徳島県,男,70～74歳,31以上50以下,1725
徳島県,男,70～74歳,51以上,284
香川県,男,70～74歳,30以下,13825
香川県,男,70～74歳,31以上50以下,2143
香川県,男,70～74歳,51以上,380
愛媛県,男,70～74歳,30以下,14278
愛媛県,男,70～74歳,31以上50以下,2327
愛媛県,男,70～74歳,51以上,469
高知県,男,70～74歳,30以下,8718
高知県,男,70～74歳,31以上50以下,1762
高知県,男,70～74歳,51以上,299
福岡県,男,70～74歳,30以下,52491
福岡県,男,70～74歳,31以上50以下,8343
福岡県,男,70～74歳,51以上,1633
佐賀県,男,70～74歳,30以下,10599
佐賀県,男,70～74歳,31以上50以下,1850
佐賀県,男,70～74歳,51以上,330
長崎県,男,70～74歳,30以下,17284
長崎県,男,70～74歳,31以上50以下,2951
長崎県,男,70～74歳,51以上,555
熊本県,男,70～74歳,30以下,20958
熊本県,男,70～74歳,31以上50以下,3587
熊本県,男,70～74歳,51以上,610
大分県,男,70～74歳,30以下,14969
大分県,男,70～74歳,31以上50以下,2785
大分県,男,70～74歳,51以上,421
宮崎県,男,70～74歳,30以下,13955
宮崎県,男,70～74歳,31以上50以下,2585
宮崎県,男,70～74歳,51以上,475
鹿児島県,男,70～74歳,30以下,23063
鹿児島県,男,70～74歳,31以上50以下,4519
鹿児島県,男,70～74歳,51以上,784
沖縄県,男,70～74歳,30以下,13117
沖縄県,男,70～74歳,31以上50以下,1978
沖縄県,男,70～74歳,51以上,409
北海道,女,40～44歳,30以下,60923
北海道,女,40～44歳,31以上50以下,2196
北海道,女,40～44歳,51以上,621
青森県,女,40～44歳,30以下,16569
青森県,女,40～44歳,31以上50以下,665
青森県,女,40～44歳,51以上,190
岩手県,女,40～44歳,30以下,17326
岩手県,女,40～44歳,31以上50以下,706
岩手県,女,40～44歳,51以上,185
宮城県,女,40～44歳,30以下,37003
宮城県,女,40～44歳,31以上50以下,1225
宮城県,女,40～44歳,51以上,358
秋田県,女,40～44歳,30以下,13485
秋田県,女,40～44歳,31以上50以下,530
秋田県,女,40～44歳,51以上,169
山形県,女,40～44歳,30以下,19255
山形県,女,40～44歳,31以上50以下,601
山形県,女,40～44歳,51以上,149
福島県,女,40～44歳,30以下,26244
福島県,女,40～44歳,31以上50以下,994
福島県,女,40～44歳,51以上,299
茨城県,女,40～44歳,30以下,39679
茨城県,女,40～44歳,31以上50以下,1425
茨城県,女,40～44歳,51以上,374
栃木県,女,40～44歳,30以下,27719
栃木県,女,40～44歳,31以上50以下,1022
栃木県,女,40～44歳,51以上,267
群馬県,女,40～44歳,30以下,25050
群馬県,女,40～44歳,31以上50以下,831
群馬県,女,40～44歳,51以上,230
埼玉県,女,40～44歳,30以下,102139
埼玉県,女,40～44歳,31以上50以下,3507
埼玉県,女,40～44歳,51以上,912
千葉県,女,40～44歳,30以下,87294
千葉県,女,40～44歳,31以上50以下,2988
千葉県,女,40～44歳,51以上,817
東京都,女,40～44歳,30以下,254795
東京都,女,40～44歳,31以上50以下,8733
東京都,女,40～44歳,51以上,2138
神奈川県,女,40～44歳,30以下,137186
神奈川県,女,40～44歳,31以上50以下,4625
神奈川県,女,40～44歳,51以上,1111
新潟県,女,40～44歳,30以下,34770
新潟県,女,40～44歳,31以上50以下,1073
新潟県,女,40～44歳,51以上,276
富山県,女,40～44歳,30以下,16159
富山県,女,40～44歳,31以上50以下,489
富山県,女,40～44歳,51以上,132
石川県,女,40～44歳,30以下,17910
石川県,女,40～44歳,31以上50以下,514
石川県,女,40～44歳,51以上,149
福井県,女,40～44歳,30以下,11811
福井県,女,40～44歳,31以上50以下,336
福井県,女,40～44歳,51以上,72
山梨県,女,40～44歳,30以下,12116
山梨県,女,40～44歳,31以上50以下,327
山梨県,女,40～44歳,51以上,99
長野県,女,40～44歳,30以下,30209
長野県,女,40～44歳,31以上50以下,889
長野県,女,40～44歳,51以上,215
岐阜県,女,40～44歳,30以下,26801
岐阜県,女,40～44歳,31以上50以下,789
岐阜県,女,40～44歳,51以上,220
静岡県,女,40～44歳,30以下,52446
静岡県,女,40～44歳,31以上50以下,1661
静岡県,女,40～44歳,51以上,435
愛知県,女,40～44歳,30以下,110218
愛知県,女,40～44歳,31以上50以下,3274
愛知県,女,40～44歳,51以上,831
三重県,女,40～44歳,30以下,24482
三重県,女,40～44歳,31以上50以下,794
三重県,女,40～44歳,51以上,211
滋賀県,女,40～44歳,30以下,22738
滋賀県,女,40～44歳,31以上50以下,655
滋賀県,女,40～44歳,51以上,165
京都府,女,40～44歳,30以下,34992
京都府,女,40～44歳,31以上50以下,975
京都府,女,40～44歳,51以上,276
大阪府,女,40～44歳,30以下,117769
大阪府,女,40～44歳,31以上50以下,3884
大阪府,女,40～44歳,51以上,1010
兵庫県,女,40～44歳,30以下,72072
兵庫県,女,40～44歳,31以上50以下,2241
兵庫県,女,40～44歳,51以上,515
奈良県,女,40～44歳,30以下,16609
奈良県,女,40～44歳,31以上50以下,496
奈良県,女,40～44歳,51以上,117
和歌山県,女,40～44歳,30以下,10700
和歌山県,女,40～44歳,31以上50以下,372
和歌山県,女,40～44歳,51以上,78
鳥取県,女,40～44歳,30以下,7702
鳥取県,女,40～44歳,31以上50以下,215
鳥取県,女,40～44歳,51以上,58
島根県,女,40～44歳,30以下,10102
島根県,女,40～44歳,31以上50以下,326
島根県,女,40～44歳,51以上,61
岡山県,女,40～44歳,30以下,26217
岡山県,女,40～44歳,31以上50以下,793
岡山県,女,40～44歳,51以上,213
広島県,女,40～44歳,30以下,37389
広島県,女,40～44歳,31以上50以下,1199
広島県,女,40～44歳,51以上,305
山口県,女,40～44歳,30以下,15914
山口県,女,40～44歳,31以上50以下,515
山口県,女,40～44歳,51以上,115
徳島県,女,40～44歳,30以下,9818
徳島県,女,40～44歳,31以上50以下,304
徳島県,女,40～44歳,51以上,84
香川県,女,40～44歳,30以下,13447
香川県,女,40～44歳,31以上50以下,431
香川県,女,40～44歳,51以上,124
愛媛県,女,40～44歳,30以下,18519
愛媛県,女,40～44歳,31以上50以下,631
愛媛県,女,40～44歳,51以上,182
高知県,女,40～44歳,30以下,9568
高知県,女,40～44歳,31以上50以下,331
高知県,女,40～44歳,51以上,95
福岡県,女,40～44歳,30以下,72887
福岡県,女,40～44歳,31以上50以下,2394
福岡県,女,40～44歳,51以上,663
佐賀県,女,40～44歳,30以下,10847
佐賀県,女,40～44歳,31以上50以下,354
佐賀県,女,40～44歳,51以上,97
長崎県,女,40～44歳,30以下,16897
長崎県,女,40～44歳,31以上50以下,540
長崎県,女,40～44歳,51以上,143
熊本県,女,40～44歳,30以下,25486
熊本県,女,40～44歳,31以上50以下,903
熊本県,女,40～44歳,51以上,256
大分県,女,40～44歳,30以下,16816
大分県,女,40～44歳,31以上50以下,574
大分県,女,40～44歳,51以上,153
宮崎県,女,40～44歳,30以下,13935
宮崎県,女,40～44歳,31以上50以下,480
宮崎県,女,40～44歳,51以上,140
鹿児島県,女,40～44歳,30以下,19427
鹿児島県,女,40～44歳,31以上50以下,719
鹿児島県,女,40～44歳,51以上,219
沖縄県,女,40～44歳,30以下,21109
沖縄県,女,40～44歳,31以上50以下,1001
沖縄県,女,40～44歳,51以上,298
北海道,女,45～49歳,30以下,74383
北海道,女,45～49歳,31以上50以下,3523
北海道,女,45～49歳,51以上,980
青森県,女,45～49歳,30以下,19856
青森県,女,45～49歳,31以上50以下,1086
青森県,女,45～49歳,51以上,308
岩手県,女,45～49歳,30以下,20413
岩手県,女,45～49歳,31以上50以下,1072
岩手県,女,45～49歳,51以上,265
宮城県,女,45～49歳,30以下,42664
宮城県,女,45～49歳,31以上50以下,1906
宮城県,女,45～49歳,51以上,536
秋田県,女,45～49歳,30以下,15447
秋田県,女,45～49歳,31以上50以下,798
秋田県,女,45～49歳,51以上,224
山形県,女,45～49歳,30以下,21212
山形県,女,45～49歳,31以上50以下,867
山形県,女,45～49歳,51以上,227
福島県,女,45～49歳,30以下,30295
福島県,女,45～49歳,31以上50以下,1467
福島県,女,45～49歳,51以上,380
茨城県,女,45～49歳,30以下,48427
茨城県,女,45～49歳,31以上50以下,2308
茨城県,女,45～49歳,51以上,595
栃木県,女,45～49歳,30以下,33048
栃木県,女,45～49歳,31以上50以下,1613
栃木県,女,45～49歳,51以上,421
群馬県,女,45～49歳,30以下,32563
群馬県,女,45～49歳,31以上50以下,1420
群馬県,女,45～49歳,51以上,366
埼玉県,女,45～49歳,30以下,125269
埼玉県,女,45～49歳,31以上50以下,5748
埼玉県,女,45～49歳,51以上,1353
千葉県,女,45～49歳,30以下,106633
千葉県,女,45～49歳,31以上50以下,4831
千葉県,女,45～49歳,51以上,1169
東京都,女,45～49歳,30以下,288298
東京都,女,45～49歳,31以上50以下,13160
東京都,女,45～49歳,51以上,3102
神奈川県,女,45～49歳,30以下,166575
神奈川県,女,45～49歳,31以上50以下,7260
神奈川県,女,45～49歳,51以上,1742
新潟県,女,45～49歳,30以下,42249
新潟県,女,45～49歳,31以上50以下,1778
新潟県,女,45～49歳,51以上,461
富山県,女,45～49歳,30以下,21123
富山県,女,45～49歳,31以上50以下,845
富山県,女,45～49歳,51以上,231
石川県,女,45～49歳,30以下,22902
石川県,女,45～49歳,31以上50以下,933
石川県,女,45～49歳,51以上,209
福井県,女,45～49歳,30以下,14344
福井県,女,45～49歳,31以上50以下,587
福井県,女,45～49歳,51以上,131
山梨県,女,45～49歳,30以下,15145
山梨県,女,45～49歳,31以上50以下,659
山梨県,女,45～49歳,51以上,143
長野県,女,45～49歳,30以下,38645
長野県,女,45～49歳,31以上50以下,1482
長野県,女,45～49歳,51以上,354
岐阜県,女,45～49歳,30以下,34525
岐阜県,女,45～49歳,31以上50以下,1325
岐阜県,女,45～49歳,51以上,282
静岡県,女,45～49歳,30以下,65373
静岡県,女,45～49歳,31以上50以下,2598
静岡県,女,45～49歳,51以上,637
愛知県,女,45～49歳,30以下,134944
愛知県,女,45～49歳,31以上50以下,5266
愛知県,女,45～49歳,51以上,1341
三重県,女,45～49歳,30以下,31336
三重県,女,45～49歳,31以上50以下,1264
三重県,女,45～49歳,51以上,317
滋賀県,女,45～49歳,30以下,26347
滋賀県,女,45～49歳,31以上50以下,1021
滋賀県,女,45～49歳,51以上,239
京都府,女,45～49歳,30以下,43462
京都府,女,45～49歳,31以上50以下,1653
京都府,女,45～49歳,51以上,372
大阪府,女,45～49歳,30以下,146492
大阪府,女,45～49歳,31以上50以下,6310
大阪府,女,45～49歳,51以上,1591
兵庫県,女,45～49歳,30以下,91296
兵庫県,女,45～49歳,31以上50以下,3730
兵庫県,女,45～49歳,51以上,910
奈良県,女,45～49歳,30以下,20916
奈良県,女,45～49歳,31以上50以下,796
奈良県,女,45～49歳,51以上,181
和歌山県,女,45～49歳,30以下,13534
和歌山県,女,45～49歳,31以上50以下,621
和歌山県,女,45～49歳,51以上,159
鳥取県,女,45～49歳,30以下,9082
鳥取県,女,45～49歳,31以上50以下,317
鳥取県,女,45～49歳,51以上,77
島根県,女,45～49歳,30以下,12170
島根県,女,45～49歳,31以上50以下,511
島根県,女,45～49歳,51以上,112
岡山県,女,45～49歳,30以下,32743
岡山県,女,45～49歳,31以上50以下,1301
岡山県,女,45～49歳,51以上,300
広島県,女,45～49歳,30以下,47437
広島県,女,45～49歳,31以上50以下,1924
広島県,女,45～49歳,51以上,480
山口県,女,45～49歳,30以下,20166
山口県,女,45～49歳,31以上50以下,874
山口県,女,45～49歳,51以上,197
徳島県,女,45～49歳,30以下,12073
徳島県,女,45～49歳,31以上50以下,497
徳島県,女,45～49歳,51以上,138
香川県,女,45～49歳,30以下,16940
香川県,女,45～49歳,31以上50以下,718
香川県,女,45～49歳,51以上,172
愛媛県,女,45～49歳,30以下,22573
愛媛県,女,45～49歳,31以上50以下,990
愛媛県,女,45～49歳,51以上,266
高知県,女,45～49歳,30以下,11884
高知県,女,45～49歳,31以上50以下,585
高知県,女,45～49歳,51以上,154
福岡県,女,45～49歳,30以下,82724
福岡県,女,45～49歳,31以上50以下,3683
福岡県,女,45～49歳,51以上,970
佐賀県,女,45～49歳,30以下,12262
佐賀県,女,45～49歳,31以上50以下,580
佐賀県,女,45～49歳,51以上,149
長崎県,女,45～49歳,30以下,19656
長崎県,女,45～49歳,31以上50以下,879
長崎県,女,45～49歳,51以上,236
熊本県,女,45～49歳,30以下,28714
熊本県,女,45～49歳,31以上50以下,1363
熊本県,女,45～49歳,51以上,320
大分県,女,45～49歳,30以下,19553
大分県,女,45～49歳,31以上50以下,902
大分県,女,45～49歳,51以上,217
宮崎県,女,45～49歳,30以下,16234
宮崎県,女,45～49歳,31以上50以下,772
宮崎県,女,45～49歳,51以上,218
鹿児島県,女,45～49歳,30以下,21451
鹿児島県,女,45～49歳,31以上50以下,1075
鹿児島県,女,45～49歳,51以上,273
沖縄県,女,45～49歳,30以下,23617
沖縄県,女,45～49歳,31以上50以下,1417
沖縄県,女,45～49歳,51以上,415
北海道,女,50～54歳,30以下,68960
北海道,女,50～54歳,31以上50以下,5480
北海道,女,50～54歳,51以上,1282
青森県,女,50～54歳,30以下,18981
青森県,女,50～54歳,31以上50以下,1597
青森県,女,50～54歳,51以上,402
岩手県,女,50～54歳,30以下,18942
岩手県,女,50～54歳,31以上50以下,1681
岩手県,女,50～54歳,51以上,365
宮城県,女,50～54歳,30以下,38275
宮城県,女,50～54歳,31以上50以下,2786
宮城県,女,50～54歳,51以上,654
秋田県,女,50～54歳,30以下,14676
秋田県,女,50～54歳,31以上50以下,1264
秋田県,女,50～54歳,51以上,288
山形県,女,50～54歳,30以下,19522
山形県,女,50～54歳,31以上50以下,1429
山形県,女,50～54歳,51以上,296
福島県,女,50～54歳,30以下,28028
福島県,女,50～54歳,31以上50以下,2170
福島県,女,50～54歳,51以上,531
茨城県,女,50～54歳,30以下,45528
茨城県,女,50～54歳,31以上50以下,3638
茨城県,女,50～54歳,51以上,816
栃木県,女,50～54歳,30以下,30794
栃木県,女,50～54歳,31以上50以下,2357
栃木県,女,50～54歳,51以上,557
群馬県,女,50～54歳,30以下,31491
群馬県,女,50～54歳,31以上50以下,2287
群馬県,女,50～54歳,51以上,503
埼玉県,女,50～54歳,30以下,121072
埼玉県,女,50～54歳,31以上50以下,9252
埼玉県,女,50～54歳,51以上,1840
千葉県,女,50～54歳,30以下,103523
千葉県,女,50～54歳,31以上50以下,7662
千葉県,女,50～54歳,51以上,1692
東京都,女,50～54歳,30以下,272003
東京都,女,50～54歳,31以上50以下,21148
東京都,女,50～54歳,51以上,4240
神奈川県,女,50～54歳,30以下,164335
神奈川県,女,50～54歳,31以上50以下,12329
神奈川県,女,50～54歳,51以上,2449
新潟県,女,50～54歳,30以下,38728
新潟県,女,50～54歳,31以上50以下,2760
新潟県,女,50～54歳,51以上,576
富山県,女,50～54歳,30以下,19852
富山県,女,50～54歳,31以上50以下,1357
富山県,女,50～54歳,51以上,268
石川県,女,50～54歳,30以下,20889
石川県,女,50～54歳,31以上50以下,1372
石川県,女,50～54歳,51以上,305
福井県,女,50～54歳,30以下,13397
福井県,女,50～54歳,31以上50以下,864
福井県,女,50～54歳,51以上,183
山梨県,女,50～54歳,30以下,15171
山梨県,女,50～54歳,31以上50以下,1077
山梨県,女,50～54歳,51以上,207
長野県,女,50～54歳,30以下,37301
長野県,女,50～54歳,31以上50以下,2493
長野県,女,50～54歳,51以上,473
岐阜県,女,50～54歳,30以下,34024
岐阜県,女,50～54歳,31以上50以下,2190
岐阜県,女,50～54歳,51以上,469
静岡県,女,50～54歳,30以下,63861
静岡県,女,50～54歳,31以上50以下,4291
静岡県,女,50～54歳,51以上,911
愛知県,女,50～54歳,30以下,130675
愛知県,女,50～54歳,31以上50以下,8292
愛知県,女,50～54歳,51以上,1825
三重県,女,50～54歳,30以下,30566
三重県,女,50～54歳,31以上50以下,2157
三重県,女,50～54歳,51以上,435
滋賀県,女,50～54歳,30以下,24198
滋賀県,女,50～54歳,31以上50以下,1634
滋賀県,女,50～54歳,51以上,349
京都府,女,50～54歳,30以下,40770
京都府,女,50～54歳,31以上50以下,2753
京都府,女,50～54歳,51以上,569
大阪府,女,50～54歳,30以下,143864
大阪府,女,50～54歳,31以上50以下,10425
大阪府,女,50～54歳,51以上,2267
兵庫県,女,50～54歳,30以下,88720
兵庫県,女,50～54歳,31以上50以下,6152
兵庫県,女,50～54歳,51以上,1211
奈良県,女,50～54歳,30以下,20975
奈良県,女,50～54歳,31以上50以下,1398
奈良県,女,50～54歳,51以上,276
和歌山県,女,50～54歳,30以下,13504
和歌山県,女,50～54歳,31以上50以下,1037
和歌山県,女,50～54歳,51以上,204
鳥取県,女,50～54歳,30以下,7982
鳥取県,女,50～54歳,31以上50以下,567
鳥取県,女,50～54歳,51以上,121
島根県,女,50～54歳,30以下,10596
島根県,女,50～54歳,31以上50以下,763
島根県,女,50～54歳,51以上,138
岡山県,女,50～54歳,30以下,30119
岡山県,女,50～54歳,31以上50以下,1972
岡山県,女,50～54歳,51以上,423
広島県,女,50～54歳,30以下,44155
広島県,女,50～54歳,31以上50以下,3077
広島県,女,50～54歳,51以上,647
山口県,女,50～54歳,30以下,19472
山口県,女,50～54歳,31以上50以下,1460
山口県,女,50～54歳,51以上,298
徳島県,女,50～54歳,30以下,11246
徳島県,女,50～54歳,31以上50以下,817
徳島県,女,50～54歳,51以上,184
香川県,女,50～54歳,30以下,15433
香川県,女,50～54歳,31以上50以下,1078
香川県,女,50～54歳,51以上,242
愛媛県,女,50～54歳,30以下,21268
愛媛県,女,50～54歳,31以上50以下,1538
愛媛県,女,50～54歳,51以上,345
高知県,女,50～54歳,30以下,10818
高知県,女,50～54歳,31以上50以下,911
高知県,女,50～54歳,51以上,194
福岡県,女,50～54歳,30以下,75013
福岡県,女,50～54歳,31以上50以下,5438
福岡県,女,50～54歳,51以上,1206
佐賀県,女,50～54歳,30以下,11365
佐賀県,女,50～54歳,31以上50以下,838
佐賀県,女,50～54歳,51以上,158
長崎県,女,50～54歳,30以下,19020
長崎県,女,50～54歳,31以上50以下,1367
長崎県,女,50～54歳,51以上,340
熊本県,女,50～54歳,30以下,26252
熊本県,女,50～54歳,31以上50以下,1896
熊本県,女,50～54歳,51以上,430
大分県,女,50～54歳,30以下,18116
大分県,女,50～54歳,31以上50以下,1419
大分県,女,50～54歳,51以上,314
宮崎県,女,50～54歳,30以下,14758
宮崎県,女,50～54歳,31以上50以下,1154
宮崎県,女,50～54歳,51以上,241
鹿児島県,女,50～54歳,30以下,20447
鹿児島県,女,50～54歳,31以上50以下,1673
鹿児島県,女,50～54歳,51以上,368
沖縄県,女,50～54歳,30以下,20549
沖縄県,女,50～54歳,31以上50以下,1964
沖縄県,女,50～54歳,51以上,511
北海道,女,55～59歳,30以下,59462
北海道,女,55～59歳,31以上50以下,5793
北海道,女,55～59歳,51以上,1181
青森県,女,55～59歳,30以下,17717
青森県,女,55～59歳,31以上50以下,1918
青森県,女,55～59歳,51以上,410
岩手県,女,55～59歳,30以下,17483
岩手県,女,55～59歳,31以上50以下,1935
岩手県,女,55～59歳,51以上,328
宮城県,女,55～59歳,30以下,33309
宮城県,女,55～59歳,31以上50以下,3100
宮城県,女,55～59歳,51以上,608
秋田県,女,55～59歳,30以下,13901
秋田県,女,55～59歳,31以上50以下,1474
秋田県,女,55～59歳,51以上,274
山形県,女,55～59歳,30以下,18764
山形県,女,55～59歳,31以上50以下,1681
山形県,女,55～59歳,51以上,321
福島県,女,55～59歳,30以下,26743
福島県,女,55～59歳,31以上50以下,2541
福島県,女,55～59歳,51以上,519
茨城県,女,55～59歳,30以下,37882
茨城県,女,55～59歳,31以上50以下,3656
茨城県,女,55～59歳,51以上,732
栃木県,女,55～59歳,30以下,25585
栃木県,女,55～59歳,31以上50以下,2484
栃木県,女,55～59歳,51以上,480
群馬県,女,55～59歳,30以下,26296
群馬県,女,55～59歳,31以上50以下,2415
群馬県,女,55～59歳,51以上,442
埼玉県,女,55～59歳,30以下,96059
埼玉県,女,55～59歳,31以上50以下,9103
埼玉県,女,55～59歳,51以上,1640
千葉県,女,55～59歳,30以下,81278
千葉県,女,55～59歳,31以上50以下,7581
千葉県,女,55～59歳,51以上,1454
東京都,女,55～59歳,30以下,209315
東京都,女,55～59歳,31以上50以下,20874
東京都,女,55～59歳,51以上,3663
神奈川県,女,55～59歳,30以下,125618
神奈川県,女,55～59歳,31以上50以下,12245
神奈川県,女,55～59歳,51以上,2102
新潟県,女,55～59歳,30以下,34499
新潟県,女,55～59歳,31以上50以下,3109
新潟県,女,55～59歳,51以上,577
富山県,女,55～59歳,30以下,16435
富山県,女,55～59歳,31以上50以下,1379
富山県,女,55～59歳,51以上,276
石川県,女,55～59歳,30以下,17156
石川県,女,55～59歳,31以上50以下,1578
石川県,女,55～59歳,51以上,293
福井県,女,55～59歳,30以下,11729
福井県,女,55～59歳,31以上50以下,992
福井県,女,55～59歳,51以上,157
山梨県,女,55～59歳,30以下,13800
山梨県,女,55～59歳,31以上50以下,1162
山梨県,女,55～59歳,51以上,228
長野県,女,55～59歳,30以下,32471
長野県,女,55～59歳,31以上50以下,2729
長野県,女,55～59歳,51以上,496
岐阜県,女,55～59歳,30以下,29259
岐阜県,女,55～59歳,31以上50以下,2384
岐阜県,女,55～59歳,51以上,434
静岡県,女,55～59歳,30以下,53321
静岡県,女,55～59歳,31以上50以下,4366
静岡県,女,55～59歳,51以上,821
愛知県,女,55～59歳,30以下,102596
愛知県,女,55～59歳,31以上50以下,8120
愛知県,女,55～59歳,51以上,1528
三重県,女,55～59歳,30以下,25995
三重県,女,55～59歳,31以上50以下,2303
三重県,女,55～59歳,51以上,470
滋賀県,女,55～59歳,30以下,20119
滋賀県,女,55～59歳,31以上50以下,1721
滋賀県,女,55～59歳,51以上,319
京都府,女,55～59歳,30以下,33346
京都府,女,55～59歳,31以上50以下,2872
京都府,女,55～59歳,51以上,459
大阪府,女,55～59歳,30以下,112121
大阪府,女,55～59歳,31以上50以下,10261
大阪府,女,55～59歳,51以上,1996
兵庫県,女,55～59歳,30以下,72232
兵庫県,女,55～59歳,31以上50以下,6143
兵庫県,女,55～59歳,51以上,1073
奈良県,女,55～59歳,30以下,17598
奈良県,女,55～59歳,31以上50以下,1468
奈良県,女,55～59歳,51以上,277
和歌山県,女,55～59歳,30以下,12322
和歌山県,女,55～59歳,31以上50以下,1162
和歌山県,女,55～59歳,51以上,219
鳥取県,女,55～59歳,30以下,7341
鳥取県,女,55～59歳,31以上50以下,614
鳥取県,女,55～59歳,51以上,123
島根県,女,55～59歳,30以下,9711
島根県,女,55～59歳,31以上50以下,892
島根県,女,55～59歳,51以上,143
岡山県,女,55～59歳,30以下,24607
岡山県,女,55～59歳,31以上50以下,2043
岡山県,女,55～59歳,51以上,353
広島県,女,55～59歳,30以下,35266
広島県,女,55～59歳,31以上50以下,3023
広島県,女,55～59歳,51以上,560
山口県,女,55～59歳,30以下,16249
山口県,女,55～59歳,31以上50以下,1365
山口県,女,55～59歳,51以上,309
徳島県,女,55～59歳,30以下,10128
徳島県,女,55～59歳,31以上50以下,895
徳島県,女,55～59歳,51以上,168
香川県,女,55～59歳,30以下,12781
香川県,女,55～59歳,31以上50以下,1130
香川県,女,55～59歳,51以上,217
愛媛県,女,55～59歳,30以下,18333
愛媛県,女,55～59歳,31以上50以下,1611
愛媛県,女,55～59歳,51以上,354
高知県,女,55～59歳,30以下,9485
高知県,女,55～59歳,31以上50以下,913
高知県,女,55～59歳,51以上,178
福岡県,女,55～59歳,30以下,61775
福岡県,女,55～59歳,31以上50以下,5520
福岡県,女,55～59歳,51以上,1054
佐賀県,女,55～59歳,30以下,10485
佐賀県,女,55～59歳,31以上50以下,938
佐賀県,女,55～59歳,51以上,181
長崎県,女,55～59歳,30以下,17528
長崎県,女,55～59歳,31以上50以下,1575
長崎県,女,55～59歳,51以上,340
熊本県,女,55～59歳,30以下,24924
熊本県,女,55～59歳,31以上50以下,2180
熊本県,女,55～59歳,51以上,375
大分県,女,55～59歳,30以下,16006
大分県,女,55～59歳,31以上50以下,1519
大分県,女,55～59歳,51以上,259
宮崎県,女,55～59歳,30以下,13532
宮崎県,女,55～59歳,31以上50以下,1263
宮崎県,女,55～59歳,51以上,254
鹿児島県,女,55～59歳,30以下,19502
鹿児島県,女,55～59歳,31以上50以下,1942
鹿児島県,女,55～59歳,51以上,363
沖縄県,女,55～59歳,30以下,17411
沖縄県,女,55～59歳,31以上50以下,1874
沖縄県,女,55～59歳,51以上,409
北海道,女,60～64歳,30以下,48425
北海道,女,60～64歳,31以上50以下,5082
北海道,女,60～64歳,51以上,994
青森県,女,60～64歳,30以下,16846
青森県,女,60～64歳,31以上50以下,1757
青森県,女,60～64歳,51以上,335
岩手県,女,60～64歳,30以下,17547
岩手県,女,60～64歳,31以上50以下,1927
岩手県,女,60～64歳,51以上,372
宮城県,女,60～64歳,30以下,31989
宮城県,女,60～64歳,31以上50以下,2882
宮城県,女,60～64歳,51以上,574
秋田県,女,60～64歳,30以下,14258
秋田県,女,60～64歳,31以上50以下,1610
秋田県,女,60～64歳,51以上,284
山形県,女,60～64歳,30以下,19165
山形県,女,60～64歳,31以上50以下,1859
山形県,女,60～64歳,51以上,324
福島県,女,60～64歳,30以下,27325
福島県,女,60～64歳,31以上50以下,2767
福島県,女,60～64歳,51以上,564
茨城県,女,60～64歳,30以下,34383
茨城県,女,60～64歳,31以上50以下,3245
茨城県,女,60～64歳,51以上,624
栃木県,女,60～64歳,30以下,23948
栃木県,女,60～64歳,31以上50以下,2400
栃木県,女,60～64歳,51以上,492
群馬県,女,60～64歳,30以下,23750
群馬県,女,60～64歳,31以上50以下,2186
群馬県,女,60～64歳,51以上,392
埼玉県,女,60～64歳,30以下,78701
埼玉県,女,60～64歳,31以上50以下,7477
埼玉県,女,60～64歳,51以上,1356
千葉県,女,60～64歳,30以下,66846
千葉県,女,60～64歳,31以上50以下,6384
千葉県,女,60～64歳,51以上,1164
東京都,女,60～64歳,30以下,155999
東京都,女,60～64歳,31以上50以下,15970
東京都,女,60～64歳,51以上,2740
神奈川県,女,60～64歳,30以下,91389
神奈川県,女,60～64歳,31以上50以下,8903
神奈川県,女,60～64歳,51以上,1546
新潟県,女,60～64歳,30以下,31946
新潟県,女,60～64歳,31以上50以下,3036
新潟県,女,60～64歳,51以上,521
富山県,女,60～64歳,30以下,14350
富山県,女,60～64歳,31以上50以下,1249
富山県,女,60～64歳,51以上,219
石川県,女,60～64歳,30以下,15148
石川県,女,60～64歳,31以上50以下,1465
石川県,女,60～64歳,51以上,274
福井県,女,60～64歳,30以下,10236
福井県,女,60～64歳,31以上50以下,918
福井県,女,60～64歳,51以上,158
山梨県,女,60～64歳,30以下,12694
山梨県,女,60～64歳,31以上50以下,1051
山梨県,女,60～64歳,51以上,196
長野県,女,60～64歳,30以下,29308
長野県,女,60～64歳,31以上50以下,2585
長野県,女,60～64歳,51以上,434
岐阜県,女,60～64歳,30以下,26636
岐阜県,女,60～64歳,31以上50以下,2227
岐阜県,女,60～64歳,51以上,405
静岡県,女,60～64歳,30以下,46715
静岡県,女,60～64歳,31以上50以下,4082
静岡県,女,60～64歳,51以上,764
愛知県,女,60～64歳,30以下,81384
愛知県,女,60～64歳,31以上50以下,6860
愛知県,女,60～64歳,51以上,1294
三重県,女,60～64歳,30以下,23315
三重県,女,60～64歳,31以上50以下,2166
三重県,女,60～64歳,51以上,355
滋賀県,女,60～64歳,30以下,17855
滋賀県,女,60～64歳,31以上50以下,1681
滋賀県,女,60～64歳,51以上,272
京都府,女,60～64歳,30以下,27088
京都府,女,60～64歳,31以上50以下,2409
京都府,女,60～64歳,51以上,426
大阪府,女,60～64歳,30以下,83779
大阪府,女,60～64歳,31以上50以下,7955
大阪府,女,60～64歳,51以上,1450
兵庫県,女,60～64歳,30以下,60406
兵庫県,女,60～64歳,31以上50以下,5272
兵庫県,女,60～64歳,51以上,916
奈良県,女,60～64歳,30以下,14921
奈良県,女,60～64歳,31以上50以下,1353
奈良県,女,60～64歳,51以上,238
和歌山県,女,60～64歳,30以下,11139
和歌山県,女,60～64歳,31以上50以下,1078
和歌山県,女,60～64歳,51以上,181
鳥取県,女,60～64歳,30以下,6952
鳥取県,女,60～64歳,31以上50以下,600
鳥取県,女,60～64歳,51以上,118
島根県,女,60～64歳,30以下,9799
島根県,女,60～64歳,31以上50以下,915
島根県,女,60～64歳,51以上,133
岡山県,女,60～64歳,30以下,21977
岡山県,女,60～64歳,31以上50以下,1835
岡山県,女,60～64歳,51以上,327
広島県,女,60～64歳,30以下,30117
広島県,女,60～64歳,31以上50以下,2603
広島県,女,60～64歳,51以上,448
山口県,女,60～64歳,30以下,15215
山口県,女,60～64歳,31以上50以下,1397
山口県,女,60～64歳,51以上,241
徳島県,女,60～64歳,30以下,9729
徳島県,女,60～64歳,31以上50以下,833
徳島県,女,60～64歳,51以上,154
香川県,女,60～64歳,30以下,12376
香川県,女,60～64歳,31以上50以下,1096
香川県,女,60～64歳,51以上,206
愛媛県,女,60～64歳,30以下,16678
愛媛県,女,60～64歳,31以上50以下,1511
愛媛県,女,60～64歳,51以上,266
高知県,女,60～64歳,30以下,9091
高知県,女,60～64歳,31以上50以下,885
高知県,女,60～64歳,51以上,145
福岡県,女,60～64歳,30以下,54138
福岡県,女,60～64歳,31以上50以下,4985
福岡県,女,60～64歳,51以上,968
佐賀県,女,60～64歳,30以下,10583
佐賀県,女,60～64歳,31以上50以下,897
佐賀県,女,60～64歳,51以上,187
長崎県,女,60～64歳,30以下,17244
長崎県,女,60～64歳,31以上50以下,1470
長崎県,女,60～64歳,51以上,289
熊本県,女,60～64歳,30以下,23607
熊本県,女,60～64歳,31以上50以下,2105
熊本県,女,60～64歳,51以上,400
大分県,女,60～64歳,30以下,15823
大分県,女,60～64歳,31以上50以下,1508
大分県,女,60～64歳,51以上,289
宮崎県,女,60～64歳,30以下,13450
宮崎県,女,60～64歳,31以上50以下,1264
宮崎県,女,60～64歳,51以上,266
鹿児島県,女,60～64歳,30以下,20712
鹿児島県,女,60～64歳,31以上50以下,2030
鹿児島県,女,60～64歳,51以上,381
沖縄県,女,60～64歳,30以下,15687
沖縄県,女,60～64歳,31以上50以下,1566
沖縄県,女,60～64歳,51以上,356
北海道,女,65～69歳,30以下,40136
北海道,女,65～69歳,31以上50以下,4187
北海道,女,65～69歳,51以上,748
青森県,女,65～69歳,30以下,16446
青森県,女,65～69歳,31以上50以下,1764
青森県,女,65～69歳,51以上,320
岩手県,女,65～69歳,30以下,18771
岩手県,女,65～69歳,31以上50以下,2247
岩手県,女,65～69歳,51以上,341
宮城県,女,65～69歳,30以下,33092
宮城県,女,65～69歳,31以上50以下,3018
宮城県,女,65～69歳,51以上,566
秋田県,女,65～69歳,30以下,14669
秋田県,女,65～69歳,31以上50以下,1629
秋田県,女,65～69歳,51以上,298
山形県,女,65～69歳,30以下,19531
山形県,女,65～69歳,31以上50以下,1870
山形県,女,65～69歳,51以上,342
福島県,女,65～69歳,30以下,27855
福島県,女,65～69歳,31以上50以下,2809
福島県,女,65～69歳,51以上,558
茨城県,女,65～69歳,30以下,34502
茨城県,女,65～69歳,31以上50以下,3191
茨城県,女,65～69歳,51以上,579
栃木県,女,65～69歳,30以下,24101
栃木県,女,65～69歳,31以上50以下,2676
栃木県,女,65～69歳,51以上,485
群馬県,女,65～69歳,30以下,25689
群馬県,女,65～69歳,31以上50以下,2619
群馬県,女,65～69歳,51以上,498
埼玉県,女,65～69歳,30以下,78285
埼玉県,女,65～69歳,31以上50以下,7974
埼玉県,女,65～69歳,51以上,1525
千葉県,女,65～69歳,30以下,67590
千葉県,女,65～69歳,31以上50以下,6348
千葉県,女,65～69歳,51以上,1152
東京都,女,65～69歳,30以下,134357
東京都,女,65～69歳,31以上50以下,14000
東京都,女,65～69歳,51以上,2460
神奈川県,女,65～69歳,30以下,74562
神奈川県,女,65～69歳,31以上50以下,7309
神奈川県,女,65～69歳,51以上,1253
新潟県,女,65～69歳,30以下,32602
新潟県,女,65～69歳,31以上50以下,3290
新潟県,女,65～69歳,51以上,523
富山県,女,65～69歳,30以下,14320
富山県,女,65～69歳,31以上50以下,1261
富山県,女,65～69歳,51以上,223
石川県,女,65～69歳,30以下,14615
石川県,女,65～69歳,31以上50以下,1429
石川県,女,65～69歳,51以上,300
福井県,女,65～69歳,30以下,8895
福井県,女,65～69歳,31以上50以下,906
福井県,女,65～69歳,51以上,147
山梨県,女,65～69歳,30以下,12657
山梨県,女,65～69歳,31以上50以下,1105
山梨県,女,65～69歳,51以上,190
長野県,女,65～69歳,30以下,29044
長野県,女,65～69歳,31以上50以下,2773
長野県,女,65～69歳,51以上,431
岐阜県,女,65～69歳,30以下,25733
岐阜県,女,65～69歳,31以上50以下,2536
岐阜県,女,65～69歳,51以上,426
静岡県,女,65～69歳,30以下,42563
静岡県,女,65～69歳,31以上50以下,3883
静岡県,女,65～69歳,51以上,717
愛知県,女,65～69歳,30以下,74241
愛知県,女,65～69歳,31以上50以下,6847
愛知県,女,65～69歳,51以上,1297
三重県,女,65～69歳,30以下,23598
三重県,女,65～69歳,31以上50以下,2431
三重県,女,65～69歳,51以上,436
滋賀県,女,65～69歳,30以下,16362
滋賀県,女,65～69歳,31以上50以下,1581
滋賀県,女,65～69歳,51以上,277
京都府,女,65～69歳,30以下,23993
京都府,女,65～69歳,31以上50以下,2273
京都府,女,65～69歳,51以上,346
大阪府,女,65～69歳,30以下,71377
大阪府,女,65～69歳,31以上50以下,7175
大阪府,女,65～69歳,51以上,1248
兵庫県,女,65～69歳,30以下,55227
兵庫県,女,65～69歳,31以上50以下,5059
兵庫県,女,65～69歳,51以上,828
奈良県,女,65～69歳,30以下,14888
奈良県,女,65～69歳,31以上50以下,1464
奈良県,女,65～69歳,51以上,219
和歌山県,女,65～69歳,30以下,11288
和歌山県,女,65～69歳,31以上50以下,1092
和歌山県,女,65～69歳,51以上,184
鳥取県,女,65～69歳,30以下,6510
鳥取県,女,65～69歳,31以上50以下,630
鳥取県,女,65～69歳,51以上,113
島根県,女,65～69歳,30以下,10196
島根県,女,65～69歳,31以上50以下,1049
島根県,女,65～69歳,51以上,145
岡山県,女,65～69歳,30以下,20014
岡山県,女,65～69歳,31以上50以下,1841
岡山県,女,65～69歳,51以上,312
広島県,女,65～69歳,30以下,26332
広島県,女,65～69歳,31以上50以下,2320
広島県,女,65～69歳,51以上,415
山口県,女,65～69歳,30以下,15400
山口県,女,65～69歳,31以上50以下,1477
山口県,女,65～69歳,51以上,254
徳島県,女,65～69歳,30以下,10411
徳島県,女,65～69歳,31以上50以下,968
徳島県,女,65～69歳,51以上,158
香川県,女,65～69歳,30以下,12789
香川県,女,65～69歳,31以上50以下,1234
香川県,女,65～69歳,51以上,214
愛媛県,女,65～69歳,30以下,15215
愛媛県,女,65～69歳,31以上50以下,1381
愛媛県,女,65～69歳,51以上,242
高知県,女,65～69歳,30以下,9064
高知県,女,65～69歳,31以上50以下,862
高知県,女,65～69歳,51以上,127
福岡県,女,65～69歳,30以下,51681
福岡県,女,65～69歳,31以上50以下,4946
福岡県,女,65～69歳,51以上,928
佐賀県,女,65～69歳,30以下,11058
佐賀県,女,65～69歳,31以上50以下,970
佐賀県,女,65～69歳,51以上,156
長崎県,女,65～69歳,30以下,18184
長崎県,女,65～69歳,31以上50以下,1636
長崎県,女,65～69歳,51以上,306
熊本県,女,65～69歳,30以下,23185
熊本県,女,65～69歳,31以上50以下,2086
熊本県,女,65～69歳,51以上,361
大分県,女,65～69歳,30以下,15316
大分県,女,65～69歳,31以上50以下,1599
大分県,女,65～69歳,51以上,268
宮崎県,女,65～69歳,30以下,14379
宮崎県,女,65～69歳,31以上50以下,1409
宮崎県,女,65～69歳,51以上,273
鹿児島県,女,65～69歳,30以下,23245
鹿児島県,女,65～69歳,31以上50以下,2445
鹿児島県,女,65～69歳,51以上,462
沖縄県,女,65～69歳,30以下,15013
沖縄県,女,65～69歳,31以上50以下,1544
沖縄県,女,65～69歳,51以上,334
北海道,女,70～74歳,30以下,45375
北海道,女,70～74歳,31以上50以下,4888
北海道,女,70～74歳,51以上,857
青森県,女,70～74歳,30以下,18899
青森県,女,70～74歳,31以上50以下,2193
青森県,女,70～74歳,51以上,358
岩手県,女,70～74歳,30以下,22093
岩手県,女,70～74歳,31以上50以下,2708
岩手県,女,70～74歳,51以上,462
宮城県,女,70～74歳,30以下,38952
宮城県,女,70～74歳,31以上50以下,3706
宮城県,女,70～74歳,51以上,652
秋田県,女,70～74歳,30以下,16206
秋田県,女,70～74歳,31以上50以下,1858
秋田県,女,70～74歳,51以上,298
山形県,女,70～74歳,30以下,20112
山形県,女,70～74歳,31以上50以下,1908
山形県,女,70～74歳,51以上,345
福島県,女,70～74歳,30以下,30902
福島県,女,70～74歳,31以上50以下,3254
福島県,女,70～74歳,51以上,590
茨城県,女,70～74歳,30以下,38597
茨城県,女,70～74歳,31以上50以下,3839
茨城県,女,70～74歳,51以上,705
栃木県,女,70～74歳,30以下,27035
栃木県,女,70～74歳,31以上50以下,3312
栃木県,女,70～74歳,51以上,509
群馬県,女,70～74歳,30以下,33473
群馬県,女,70～74歳,31以上50以下,3675
群馬県,女,70～74歳,51以上,674
埼玉県,女,70～74歳,30以下,109039
埼玉県,女,70～74歳,31以上50以下,11589
埼玉県,女,70～74歳,51以上,2036
千葉県,女,70～74歳,30以下,91572
千葉県,女,70～74歳,31以上50以下,9000
千葉県,女,70～74歳,51以上,1504
東京都,女,70～74歳,30以下,184029
東京都,女,70～74歳,31以上50以下,20251
東京都,女,70～74歳,51以上,3568
神奈川県,女,70～74歳,30以下,99333
神奈川県,女,70～74歳,31以上50以下,10238
神奈川県,女,70～74歳,51以上,1716
新潟県,女,70～74歳,30以下,39446
新潟県,女,70～74歳,31以上50以下,3977
新潟県,女,70～74歳,51以上,595
富山県,女,70～74歳,30以下,19759
富山県,女,70～74歳,31以上50以下,1865
富山県,女,70～74歳,51以上,297
石川県,女,70～74歳,30以下,20114
石川県,女,70～74歳,31以上50以下,2082
石川県,女,70～74歳,51以上,369
福井県,女,70～74歳,30以下,10071
福井県,女,70～74歳,31以上50以下,1092
福井県,女,70～74歳,51以上,179
山梨県,女,70～74歳,30以下,14019
山梨県,女,70～74歳,31以上50以下,1366
山梨県,女,70～74歳,51以上,223
長野県,女,70～74歳,30以下,37135
長野県,女,70～74歳,31以上50以下,3651
長野県,女,70～74歳,51以上,572
岐阜県,女,70～74歳,30以下,32998
岐阜県,女,70～74歳,31以上50以下,3411
岐阜県,女,70～74歳,51以上,583
静岡県,女,70～74歳,30以下,52482
静岡県,女,70～74歳,31以上50以下,5084
静岡県,女,70～74歳,51以上,808
愛知県,女,70～74歳,30以下,101971
愛知県,女,70～74歳,31以上50以下,9984
愛知県,女,70～74歳,51以上,1844
三重県,女,70～74歳,30以下,31724
三重県,女,70～74歳,31以上50以下,3777
三重県,女,70～74歳,51以上,671
滋賀県,女,70～74歳,30以下,20582
滋賀県,女,70～74歳,31以上50以下,2271
滋賀県,女,70～74歳,51以上,334
京都府,女,70～74歳,30以下,33102
京都府,女,70～74歳,31以上50以下,3344
京都府,女,70～74歳,51以上,516
大阪府,女,70～74歳,30以下,98010
大阪府,女,70～74歳,31以上50以下,10833
大阪府,女,70～74歳,51以上,1676
兵庫県,女,70～74歳,30以下,72344
兵庫県,女,70～74歳,31以上50以下,7272
兵庫県,女,70～74歳,51以上,1106
奈良県,女,70～74歳,30以下,20606
奈良県,女,70～74歳,31以上50以下,2100
奈良県,女,70～74歳,51以上,260
和歌山県,女,70～74歳,30以下,14654
和歌山県,女,70～74歳,31以上50以下,1504
和歌山県,女,70～74歳,51以上,249
鳥取県,女,70～74歳,30以下,7438
鳥取県,女,70～74歳,31以上50以下,786
鳥取県,女,70～74歳,51以上,127
島根県,女,70～74歳,30以下,13088
島根県,女,70～74歳,31以上50以下,1511
島根県,女,70～74歳,51以上,192
岡山県,女,70～74歳,30以下,24365
岡山県,女,70～74歳,31以上50以下,2281
岡山県,女,70～74歳,51以上,351
広島県,女,70～74歳,30以下,31807
広島県,女,70～74歳,31以上50以下,2876
広島県,女,70～74歳,51以上,485
山口県,女,70～74歳,30以下,20125
山口県,女,70～74歳,31以上50以下,1982
山口県,女,70～74歳,51以上,318
徳島県,女,70～74歳,30以下,12574
徳島県,女,70～74歳,31以上50以下,1346
徳島県,女,70～74歳,51以上,189
香川県,女,70～74歳,30以下,18001
香川県,女,70～74歳,31以上50以下,1783
香川県,女,70～74歳,51以上,313
愛媛県,女,70～74歳,30以下,17711
愛媛県,女,70～74歳,31以上50以下,1756
愛媛県,女,70～74歳,51以上,283
高知県,女,70～74歳,30以下,11393
高知県,女,70～74歳,31以上50以下,1121
高知県,女,70～74歳,51以上,156
福岡県,女,70～74歳,30以下,63255
福岡県,女,70～74歳,31以上50以下,6373
福岡県,女,70～74歳,51以上,1040
佐賀県,女,70～74歳,30以下,12592
佐賀県,女,70～74歳,31以上50以下,1245
佐賀県,女,70～74歳,51以上,214
長崎県,女,70～74歳,30以下,21886
長崎県,女,70～74歳,31以上50以下,2048
長崎県,女,70～74歳,51以上,385
熊本県,女,70～74歳,30以下,25348
熊本県,女,70～74歳,31以上50以下,2371
熊本県,女,70～74歳,51以上,380
大分県,女,70～74歳,30以下,18731
大分県,女,70～74歳,31以上50以下,1963
大分県,女,70～74歳,51以上,299
宮崎県,女,70～74歳,30以下,17646
宮崎県,女,70～74歳,31以上50以下,1840
宮崎県,女,70～74歳,51以上,321
鹿児島県,女,70～74歳,30以下,27840
鹿児島県,女,70～74歳,31以上50以下,3172
鹿児島県,女,70～74歳,51以上,473
沖縄県,女,70～74歳,30以下,14750
沖縄県,女,70～74歳,31以上50以下,1533
沖縄県,女,70～74歳,51以上,308
