都道府県,性別,年齢区分,検査値範囲,人数
北海道,男性,40～44歳,30以下,49774
北海道,男性,40～44歳,31以上50以下,19643
北海道,男性,40～44歳,51以上,12534
青森県,男性,40～44歳,30以下,12473
青森県,男性,40～44歳,31以上50以下,5576
青森県,男性,40～44歳,51以上,3666
岩手県,男性,40～44歳,30以下,14390
岩手県,男性,40～44歳,31以上50以下,5824
岩手県,男性,40～44歳,51以上,3762
宮城県,男性,40～44歳,30以下,29269
宮城県,男性,40～44歳,31以上50以下,11711
宮城県,男性,40～44歳,51以上,7624
秋田県,男性,40～44歳,30以下,10078
秋田県,男性,40～44歳,31以上50以下,4362
秋田県,男性,40～44歳,51以上,2777
山形県,男性,40～44歳,30以下,14389
山形県,男性,40～44歳,31以上50以下,5634
山形県,男性,40～44歳,51以上,3562
福島県,男性,40～44歳,30以下,21150
福島県,男性,40～44歳,31以上50以下,8451
福島県,男性,40～44歳,51以上,5456
茨城県,男性,40～44歳,30以下,35123
茨城県,男性,40～44歳,31以上50以下,13298
茨城県,男性,40～44歳,51以上,8463
栃木県,男性,40～44歳,30以下,25250
栃木県,男性,40～44歳,31以上50以下,9754
栃木県,男性,40～44歳,51以上,6247
群馬県,男性,40～44歳,30以下,23918
群馬県,男性,40～44歳,31以上50以下,8453
群馬県,男性,40～44歳,51以上,5193
埼玉県,男性,40～44歳,30以下,92471
埼玉県,男性,40～44歳,31以上50以下,33429
埼玉県,男性,40～44歳,51以上,21458
千葉県,男性,40～44歳,30以下,74837
千葉県,男性,40～44歳,31以上50以下,27956
千葉県,男性,40～44歳,51以上,18283
東京都,男性,40～44歳,30以下,204374
東京都,男性,40～44歳,31以上50以下,71096
東京都,男性,40～44歳,51以上,45822
神奈川県,男性,40～44歳,30以下,120653
神奈川県,男性,40～44歳,31以上50以下,43114
神奈川県,男性,40～44歳,51以上,27818
新潟県,男性,40～44歳,30以下,30839
新潟県,男性,40～44歳,31以上50以下,10221
新潟県,男性,40～44歳,51以上,5839
富山県,男性,40～44歳,30以下,14594
富山県,男性,40～44歳,31以上50以下,4981
富山県,男性,40～44歳,51以上,2887
石川県,男性,40～44歳,30以下,14911
石川県,男性,40～44歳,31以上50以下,5002
石川県,男性,40～44歳,51以上,3091
福井県,男性,40～44歳,30以下,10567
福井県,男性,40～44歳,31以上50以下,3285
福井県,男性,40～44歳,51以上,1928
山梨県,男性,40～44歳,30以下,10060
山梨県,男性,40～44歳,31以上50以下,3467
山梨県,男性,40～44歳,51以上,2115
長野県,男性,40～44歳,30以下,27085
長野県,男性,40～44歳,31以上50以下,9364
長野県,男性,40～44歳,51以上,5183
岐阜県,男性,40～44歳,30以下,25857
岐阜県,男性,40～44歳,31以上50以下,8572
岐阜県,男性,40～44歳,51以上,4951
静岡県,男性,40～44歳,30以下,50055
静岡県,男性,40～44歳,31以上50以下,16250
静岡県,男性,40～44歳,51以上,9923
愛知県,男性,40～44歳,30以下,111457
愛知県,男性,40～44歳,31以上50以下,36264
愛知県,男性,40～44歳,51以上,22321
三重県,男性,40～44歳,30以下,22685
三重県,男性,40～44歳,31以上50以下,7548
三重県,男性,40～44歳,51以上,4634
滋賀県,男性,40～44歳,30以下,19819
滋賀県,男性,40～44歳,31以上50以下,6545
滋賀県,男性,40～44歳,51以上,3759
京都府,男性,40～44歳,30以下,29766
京都府,男性,40～44歳,31以上50以下,9538
京都府,男性,40～44歳,51以上,5375
大阪府,男性,40～44歳,30以下,97787
大阪府,男性,40～44歳,31以上50以下,33456
大阪府,男性,40～44歳,51以上,20580
兵庫県,男性,40～44歳,30以下,63787
兵庫県,男性,40～44歳,31以上50以下,21367
兵庫県,男性,40～44歳,51以上,12770
奈良県,男性,40～44歳,30以下,13312
奈良県,男性,40～44歳,31以上50以下,4534
奈良県,男性,40～44歳,51以上,2711
和歌山県,男性,40～44歳,30以下,9273
和歌山県,男性,40～44歳,31以上50以下,3244
和歌山県,男性,40～44歳,51以上,1984
鳥取県,男性,40～44歳,30以下,6492
鳥取県,男性,40～44歳,31以上50以下,2157
鳥取県,男性,40～44歳,51以上,1360
島根県,男性,40～44歳,30以下,8268
島根県,男性,40～44歳,31以上50以下,2919
島根県,男性,40～44歳,51以上,1666
岡山県,男性,40～44歳,30以下,23014
岡山県,男性,40～44歳,31以上50以下,7672
岡山県,男性,40～44歳,51以上,4517
広島県,男性,40～44歳,30以下,33881
広島県,男性,40～44歳,31以上50以下,12170
広島県,男性,40～44歳,51以上,7181
山口県,男性,40～44歳,30以下,14645
山口県,男性,40～44歳,31以上50以下,5213
山口県,男性,40～44歳,51以上,3100
徳島県,男性,40～44歳,30以下,8252
徳島県,男性,40～44歳,31以上50以下,2839
徳島県,男性,40～44歳,51以上,1680
香川県,男性,40～44歳,30以下,11583
香川県,男性,40～44歳,31以上50以下,3954
香川県,男性,40～44歳,51以上,2428
愛媛県,男性,40～44歳,30以下,15452
愛媛県,男性,40～44歳,31以上50以下,5555
愛媛県,男性,40～44歳,51以上,3337
高知県,男性,40～44歳,30以下,7501
高知県,男性,40～44歳,31以上50以下,2849
高知県,男性,40～44歳,51以上,1678
福岡県,男性,40～44歳,30以下,60227
福岡県,男性,40～44歳,31以上50以下,21658
福岡県,男性,40～44歳,51以上,13364
佐賀県,男性,40～44歳,30以下,9143
佐賀県,男性,40～44歳,31以上50以下,3350
佐賀県,男性,40～44歳,51以上,2074
長崎県,男性,40～44歳,30以下,12438
長崎県,男性,40～44歳,31以上50以下,4688
長崎県,男性,40～44歳,51以上,3040
熊本県,男性,40～44歳,30以下,19317
熊本県,男性,40～44歳,31以上50以下,7437
熊本県,男性,40～44歳,51以上,4715
大分県,男性,40～44歳,30以下,13271
大分県,男性,40～44歳,31以上50以下,5081
大分県,男性,40～44歳,51以上,3025
宮崎県,男性,40～44歳,30以下,11704
宮崎県,男性,40～44歳,31以上50以下,4288
宮崎県,男性,40～44歳,51以上,2746
鹿児島県,男性,40～44歳,30以下,16071
鹿児島県,男性,40～44歳,31以上50以下,6165
鹿児島県,男性,40～44歳,51以上,3825
沖縄県,男性,40～44歳,30以下,13835
沖縄県,男性,40～44歳,31以上50以下,6455
沖縄県,男性,40～44歳,51以上,4274
北海道,男性,45～49歳,30以下,61549
北海道,男性,45～49歳,31以上50以下,25340
北海道,男性,45～49歳,51以上,14533
青森県,男性,45～49歳,30以下,15180
青森県,男性,45～49歳,31以上50以下,6690
青森県,男性,45～49歳,51以上,3864
岩手県,男性,45～49歳,30以下,16847
岩手県,男性,45～49歳,31以上50以下,6849
岩手県,男性,45～49歳,51以上,4029
宮城県,男性,45～49歳,30以下,34457
宮城県,男性,45～49歳,31以上50以下,13703
宮城県,男性,45～49歳,51以上,7760
秋田県,男性,45～49歳,30以下,11768
秋田県,男性,45～49歳,31以上50以下,5076
秋田県,男性,45～49歳,51以上,2875
山形県,男性,45～49歳,30以下,15693
山形県,男性,45～49歳,31以上50以下,6539
山形県,男性,45～49歳,51以上,3514
福島県,男性,45～49歳,30以下,24814
福島県,男性,45～49歳,31以上50以下,9958
福島県,男性,45～49歳,51以上,5683
茨城県,男性,45～49歳,30以下,43025
茨城県,男性,45～49歳,31以上50以下,16438
茨城県,男性,45～49歳,51以上,9148
栃木県,男性,45～49歳,30以下,30318
栃木県,男性,45～49歳,31以上50以下,11839
栃木県,男性,45～49歳,51以上,6685
群馬県,男性,45～49歳,30以下,29640
群馬県,男性,45～49歳,31以上50以下,10605
群馬県,男性,45～49歳,51以上,5710
埼玉県,男性,45～49歳,30以下,114820
埼玉県,男性,45～49歳,31以上50以下,41800
埼玉県,男性,45～49歳,51以上,23684
千葉県,男性,45～49歳,30以下,92642
千葉県,男性,45～49歳,31以上50以下,35027
千葉県,男性,45～49歳,51以上,20756
東京都,男性,45～49歳,30以下,232360
東京都,男性,45～49歳,31以上50以下,82999
東京都,男性,45～49歳,51以上,47608
神奈川県,男性,45～49歳,30以下,147567
神奈川県,男性,45～49歳,31以上50以下,54616
神奈川県,男性,45～49歳,51以上,31010
新潟県,男性,45～49歳,30以下,36456
新潟県,男性,45～49歳,31以上50以下,12392
新潟県,男性,45～49歳,51以上,6363
富山県,男性,45～49歳,30以下,18627
富山県,男性,45～49歳,31以上50以下,6648
富山県,男性,45～49歳,51以上,3513
石川県,男性,45～49歳,30以下,19128
石川県,男性,45～49歳,31以上50以下,6687
石川県,男性,45～49歳,51以上,3547
福井県,男性,45～49歳,30以下,12405
福井県,男性,45～49歳,31以上50以下,4078
福井県,男性,45～49歳,51以上,2160
山梨県,男性,45～49歳,30以下,12371
山梨県,男性,45～49歳,31以上50以下,4395
山梨県,男性,45～49歳,51以上,2159
長野県,男性,45～49歳,30以下,33244
長野県,男性,45～49歳,31以上50以下,11818
長野県,男性,45～49歳,51以上,5995
岐阜県,男性,45～49歳,30以下,32228
岐阜県,男性,45～49歳,31以上50以下,11069
岐阜県,男性,45～49歳,51以上,5709
静岡県,男性,45～49歳,30以下,60564
静岡県,男性,45～49歳,31以上50以下,20626
静岡県,男性,45～49歳,51以上,11083
愛知県,男性,45～49歳,30以下,133434
愛知県,男性,45～49歳,31以上50以下,44981
愛知県,男性,45～49歳,51以上,24435
三重県,男性,45～49歳,30以下,28696
三重県,男性,45～49歳,31以上50以下,9845
三重県,男性,45～49歳,51以上,5471
滋賀県,男性,45～49歳,30以下,22902
滋賀県,男性,45～49歳,31以上50以下,7894
滋賀県,男性,45～49歳,51以上,4173
京都府,男性,45～49歳,30以下,37239
京都府,男性,45～49歳,31以上50以下,12151
京都府,男性,45～49歳,51以上,6567
大阪府,男性,45～49歳,30以下,123863
大阪府,男性,45～49歳,31以上50以下,43398
大阪府,男性,45～49歳,51以上,24090
兵庫県,男性,45～49歳,30以下,80368
兵庫県,男性,45～49歳,31以上50以下,27532
兵庫県,男性,45～49歳,51以上,14889
奈良県,男性,45～49歳,30以下,17334
奈良県,男性,45～49歳,31以上50以下,5922
奈良県,男性,45～49歳,51以上,3337
和歌山県,男性,45～49歳,30以下,12103
和歌山県,男性,45～49歳,31以上50以下,4280
和歌山県,男性,45～49歳,51以上,2210
鳥取県,男性,45～49歳,30以下,7303
鳥取県,男性,45～49歳,31以上50以下,2731
鳥取県,男性,45～49歳,51以上,1441
島根県,男性,45～49歳,30以下,9728
島根県,男性,45～49歳,31以上50以下,3665
島根県,男性,45～49歳,51以上,1835
岡山県,男性,45～49歳,30以下,28735
岡山県,男性,45～49歳,31以上50以下,9730
岡山県,男性,45～49歳,51以上,5134
広島県,男性,45～49歳,30以下,42966
広島県,男性,45～49歳,31以上50以下,15635
広島県,男性,45～49歳,51以上,8308
山口県,男性,45～49歳,30以下,18762
山口県,男性,45～49歳,31以上50以下,6875
山口県,男性,45～49歳,51以上,3619
徳島県,男性,45～49歳,30以下,9721
徳島県,男性,45～49歳,31以上50以下,3368
徳島県,男性,45～49歳,51以上,1830
香川県,男性,45～49歳,30以下,14535
香川県,男性,45～49歳,31以上50以下,5242
香川県,男性,45～49歳,51以上,2667
愛媛県,男性,45～49歳,30以下,19326
愛媛県,男性,45～49歳,31以上50以下,7013
愛媛県,男性,45～49歳,51以上,3839
高知県,男性,45～49歳,30以下,9362
高知県,男性,45～49歳,31以上50以下,3535
高知県,男性,45～49歳,51以上,1919
福岡県,男性,45～49歳,30以下,69151
福岡県,男性,45～49歳,31以上50以下,25521
福岡県,男性,45～49歳,51以上,14101
佐賀県,男性,45～49歳,30以下,10047
佐賀県,男性,45～49歳,31以上50以下,3806
佐賀県,男性,45～49歳,51以上,2106
長崎県,男性,45～49歳,30以下,15112
長崎県,男性,45～49歳,31以上50以下,5707
長崎県,男性,45～49歳,51以上,3276
熊本県,男性,45～49歳,30以下,21446
熊本県,男性,45～49歳,31以上50以下,8504
熊本県,男性,45～49歳,51以上,4759
大分県,男性,45～49歳,30以下,15721
大分県,男性,45～49歳,31以上50以下,6140
大分県,男性,45～49歳,51以上,3290
宮崎県,男性,45～49歳,30以下,13402
宮崎県,男性,45～49歳,31以上50以下,5034
宮崎県,男性,45～49歳,51以上,2828
鹿児島県,男性,45～49歳,30以下,18032
鹿児島県,男性,45～49歳,31以上50以下,7024
鹿児島県,男性,45～49歳,51以上,3804
沖縄県,男性,45～49歳,30以下,16633
沖縄県,男性,45～49歳,31以上50以下,7577
沖縄県,男性,45～49歳,51以上,4377
北海道,男性,50～54歳,30以下,59663
北海道,男性,50～54歳,31以上50以下,22865
北海道,男性,50～54歳,51以上,11594
青森県,男性,50～54歳,30以下,15493
青森県,男性,50～54歳,31以上50以下,6051
青森県,男性,50～54歳,51以上,3098
岩手県,男性,50～54歳,30以下,16447
岩手県,男性,50～54歳,31以上50以下,6248
岩手県,男性,50～54歳,51以上,3072
宮城県,男性,50～54歳,30以下,33143
宮城県,男性,50～54歳,31以上50以下,11839
宮城県,男性,50～54歳,51以上,6071
秋田県,男性,50～54歳,30以下,11503
秋田県,男性,50～54歳,31以上50以下,4512
秋田県,男性,50～54歳,51以上,2210
山形県,男性,50～54歳,30以下,15161
山形県,男性,50～54歳,31以上50以下,5808
山形県,男性,50～54歳,51以上,2743
福島県,男性,50～54歳,30以下,24023
福島県,男性,50～54歳,31以上50以下,8723
福島県,男性,50～54歳,51以上,4323
茨城県,男性,50～54歳,30以下,42769
茨城県,男性,50～54歳,31以上50以下,14925
茨城県,男性,50～54歳,51以上,7223
栃木県,男性,50～54歳,30以下,29542
栃木県,男性,50～54歳,31以上50以下,10300
栃木県,男性,50～54歳,51以上,5060
群馬県,男性,50～54歳,30以下,30040
群馬県,男性,50～54歳,31以上50以下,9601
群馬県,男性,50～54歳,51以上,4418
埼玉県,男性,50～54歳,30以下,116838
埼玉県,男性,50～54歳,31以上50以下,38923
埼玉県,男性,50～54歳,51以上,19104
千葉県,男性,50～54歳,30以下,95826
千葉県,男性,50～54歳,31以上50以下,33194
千葉県,男性,50～54歳,51以上,16887
東京都,男性,50～54歳,30以下,239066
東京都,男性,50～54歳,31以上50以下,78268
東京都,男性,50～54歳,51以上,38494
神奈川県,男性,50～54歳,30以下,158346
神奈川県,男性,50～54歳,31以上50以下,53206
神奈川県,男性,50～54歳,51以上,26559
新潟県,男性,50～54歳,30以下,35575
新潟県,男性,50～54歳,31以上50以下,11052
新潟県,男性,50～54歳,51以上,5107
富山県,男性,50～54歳,30以下,17930
富山県,男性,50～54歳,31以上50以下,5966
富山県,男性,50～54歳,51以上,2657
石川県,男性,50～54歳,30以下,17771
石川県,男性,50～54歳,31以上50以下,5834
石川県,男性,50～54歳,51以上,2764
福井県,男性,50～54歳,30以下,11707
福井県,男性,50～54歳,31以上50以下,3684
福井県,男性,50～54歳,51以上,1699
山梨県,男性,50～54歳,30以下,13384
山梨県,男性,50～54歳,31以上50以下,4013
山梨県,男性,50～54歳,51以上,1833
長野県,男性,50～54歳,30以下,33277
長野県,男性,50～54歳,31以上50以下,11091
長野県,男性,50～54歳,51以上,4782
岐阜県,男性,50～54歳,30以下,31932
岐阜県,男性,50～54歳,31以上50以下,10068
岐阜県,男性,50～54歳,51以上,4556
静岡県,男性,50～54歳,30以下,61298
静岡県,男性,50～54歳,31以上50以下,19051
静岡県,男性,50～54歳,51以上,8946
愛知県,男性,50～54歳,30以下,134758
愛知県,男性,50～54歳,31以上50以下,41865
愛知県,男性,50～54歳,51以上,19846
三重県,男性,50～54歳,30以下,29205
三重県,男性,50～54歳,31以上50以下,9209
三重県,男性,50～54歳,51以上,4282
滋賀県,男性,50～54歳,30以下,21785
滋賀県,男性,50～54歳,31以上50以下,6951
滋賀県,男性,50～54歳,51以上,3226
京都府,男性,50～54歳,30以下,36794
京都府,男性,50～54歳,31以上50以下,11361
京都府,男性,50～54歳,51以上,5284
大阪府,男性,50～54歳,30以下,129366
大阪府,男性,50～54歳,31以上50以下,41876
大阪府,男性,50～54歳,51以上,20022
兵庫県,男性,50～54歳,30以下,82288
兵庫県,男性,50～54歳,31以上50以下,25683
兵庫県,男性,50～54歳,51以上,12504
奈良県,男性,50～54歳,30以下,18201
奈良県,男性,50～54歳,31以上50以下,5794
奈良県,男性,50～54歳,51以上,2751
和歌山県,男性,50～54歳,30以下,12093
和歌山県,男性,50～54歳,31以上50以下,3817
和歌山県,男性,50～54歳,51以上,1848
鳥取県,男性,50～54歳,30以下,6884
鳥取県,男性,50～54歳,31以上50以下,2265
鳥取県,男性,50～54歳,51以上,1061
島根県,男性,50～54歳,30以下,8983
島根県,男性,50～54歳,31以上50以下,2994
島根県,男性,50～54歳,51以上,1423
岡山県,男性,50～54歳,30以下,26876
岡山県,男性,50～54歳,31以上50以下,8473
岡山県,男性,50～54歳,51以上,3944
広島県,男性,50～54歳,30以下,41549
広島県,男性,50～54歳,31以上50以下,14109
広島県,男性,50～54歳,51以上,6645
山口県,男性,50～54歳,30以下,17611
山口県,男性,50～54歳,31以上50以下,6020
山口県,男性,50～54歳,51以上,2760
徳島県,男性,50～54歳,30以下,9326
徳島県,男性,50～54歳,31以上50以下,2959
徳島県,男性,50～54歳,51以上,1332
香川県,男性,50～54歳,30以下,13642
香川県,男性,50～54歳,31以上50以下,4442
香川県,男性,50～54歳,51以上,1990
愛媛県,男性,50～54歳,30以下,18047
愛媛県,男性,50～54歳,31以上50以下,6016
愛媛県,男性,50～54歳,51以上,2900
高知県,男性,50～54歳,30以下,8548
高知県,男性,50～54歳,31以上50以下,3039
高知県,男性,50～54歳,51以上,1404
福岡県,男性,50～54歳,30以下,65261
福岡県,男性,50～54歳,31以上50以下,21885
福岡県,男性,50～54歳,51以上,10483
佐賀県,男性,50～54歳,30以下,9512
佐賀県,男性,50～54歳,31以上50以下,3241
佐賀県,男性,50～54歳,51以上,1623
長崎県,男性,50～54歳,30以下,15370
長崎県,男性,50～54歳,31以上50以下,5233
長崎県,男性,50～54歳,51以上,2553
熊本県,男性,50～54歳,30以下,20473
熊本県,男性,50～54歳,31以上50以下,7202
熊本県,男性,50～54歳,51以上,3449
大分県,男性,50～54歳,30以下,14587
大分県,男性,50～54歳,31以上50以下,5194
大分県,男性,50～54歳,51以上,2395
宮崎県,男性,50～54歳,30以下,12623
宮崎県,男性,50～54歳,31以上50以下,4209
宮崎県,男性,50～54歳,51以上,2008
鹿児島県,男性,50～54歳,30以下,17703
鹿児島県,男性,50～54歳,31以上50以下,6170
鹿児島県,男性,50～54歳,51以上,2880
沖縄県,男性,50～54歳,30以下,15921
沖縄県,男性,50～54歳,31以上50以下,6298
沖縄県,男性,50～54歳,51以上,3095
北海道,男性,55～59歳,30以下,57163
北海道,男性,55～59歳,31以上50以下,18523
北海道,男性,55～59歳,51以上,8245
青森県,男性,55～59歳,30以下,15591
青森県,男性,55～59歳,31以上50以下,5194
青森県,男性,55～59歳,51以上,2369
岩手県,男性,55～59歳,30以下,16504
岩手県,男性,55～59歳,31以上50以下,5306
岩手県,男性,55～59歳,51以上,2327
宮城県,男性,55～59歳,30以下,30262
宮城県,男性,55～59歳,31以上50以下,9405
宮城県,男性,55～59歳,51以上,4202
秋田県,男性,55～59歳,30以下,12304
秋田県,男性,55～59歳,31以上50以下,4053
秋田県,男性,55～59歳,51以上,1731
山形県,男性,55～59歳,30以下,15577
山形県,男性,55～59歳,31以上50以下,4874
山形県,男性,55～59歳,51以上,1986
福島県,男性,55～59歳,30以下,24394
福島県,男性,55～59歳,31以上50以下,7312
福島県,男性,55～59歳,51以上,3194
茨城県,男性,55～59歳,30以下,37887
茨城県,男性,55～59歳,31以上50以下,11131
茨城県,男性,55～59歳,51以上,4670
栃木県,男性,55～59歳,30以下,26308
栃木県,男性,55～59歳,31以上50以下,7739
栃木県,男性,55～59歳,51以上,3379
群馬県,男性,55～59歳,30以下,26696
群馬県,男性,55～59歳,31以上50以下,7212
群馬県,男性,55～59歳,51以上,2822
埼玉県,男性,55～59歳,30以下,98711
埼玉県,男性,55～59歳,31以上50以下,27644
埼玉県,男性,55～59歳,51以上,11754
千葉県,男性,55～59歳,30以下,80681
千葉県,男性,55～59歳,31以上50以下,23552
千葉県,男性,55～59歳,51以上,10476
東京都,男性,55～59歳,30以下,205816
東京都,男性,55～59歳,31以上50以下,57821
東京都,男性,55～59歳,51以上,24842
神奈川県,男性,55～59歳,30以下,137182
神奈川県,男性,55～59歳,31以上50以下,39713
神奈川県,男性,55～59歳,51以上,17194
新潟県,男性,55～59歳,30以下,33540
新潟県,男性,55～59歳,31以上50以下,8828
新潟県,男性,55～59歳,51以上,3558
富山県,男性,55～59歳,30以下,15317
富山県,男性,55～59歳,31以上50以下,4367
富山県,男性,55～59歳,51以上,1690
石川県,男性,55～59歳,30以下,15288
石川県,男性,55～59歳,31以上50以下,4345
石川県,男性,55～59歳,51以上,1845
福井県,男性,55～59歳,30以下,10699
福井県,男性,55～59歳,31以上50以下,2907
福井県,男性,55～59歳,51以上,1212
山梨県,男性,55～59歳,30以下,12654
山梨県,男性,55～59歳,31以上50以下,3282
山梨県,男性,55～59歳,51以上,1338
長野県,男性,55～59歳,30以下,30297
長野県,男性,55～59歳,31以上50以下,8457
長野県,男性,55～59歳,51以上,3200
岐阜県,男性,55～59歳,30以下,28233
岐阜県,男性,55～59歳,31以上50以下,7672
岐阜県,男性,55～59歳,51以上,3025
静岡県,男性,55～59歳,30以下,54598
静岡県,男性,55～59歳,31以上50以下,14412
静岡県,男性,55～59歳,51以上,5846
愛知県,男性,55～59歳,30以下,113520
愛知県,男性,55～59歳,31以上50以下,29927
愛知県,男性,55～59歳,51以上,12390
三重県,男性,55～59歳,30以下,26138
三重県,男性,55～59歳,31以上50以下,7162
三重県,男性,55～59歳,51以上,2793
滋賀県,男性,55～59歳,30以下,18952
滋賀県,男性,55～59歳,31以上50以下,5336
滋賀県,男性,55～59歳,51以上,2173
京都府,男性,55～59歳,30以下,31280
京都府,男性,55～59歳,31以上50以下,8685
京都府,男性,55～59歳,51以上,3475
大阪府,男性,55～59歳,30以下,106982
大阪府,男性,55～59歳,31以上50以下,29457
大阪府,男性,55～59歳,51以上,12362
兵庫県,男性,55～59歳,30以下,70854
兵庫県,男性,55～59歳,31以上50以下,19476
兵庫県,男性,55～59歳,51以上,8184
奈良県,男性,55～59歳,30以下,16231
奈良県,男性,55～59歳,31以上50以下,4504
奈良県,男性,55～59歳,51以上,1814
和歌山県,男性,55～59歳,30以下,11170
和歌山県,男性,55～59歳,31以上50以下,3094
和歌山県,男性,55～59歳,51以上,1214
鳥取県,男性,55～59歳,30以下,6629
鳥取県,男性,55～59歳,31以上50以下,1910
鳥取県,男性,55～59歳,51以上,765
島根県,男性,55～59歳,30以下,8515
島根県,男性,55～59歳,31以上50以下,2478
島根県,男性,55～59歳,51以上,988
岡山県,男性,55～59歳,30以下,23427
岡山県,男性,55～59歳,31以上50以下,6206
岡山県,男性,55～59歳,51以上,2426
広島県,男性,55～59歳,30以下,35639
広島県,男性,55～59歳,31以上50以下,10407
広島県,男性,55～59歳,51以上,4348
山口県,男性,55～59歳,30以下,15459
山口県,男性,55～59歳,31以上50以下,4521
山口県,男性,55～59歳,51以上,1916
徳島県,男性,55～59歳,30以下,8753
徳島県,男性,55～59歳,31以上50以下,2347
徳島県,男性,55～59歳,51以上,942
香川県,男性,55～59歳,30以下,12109
香川県,男性,55～59歳,31以上50以下,3223
香川県,男性,55～59歳,51以上,1285
愛媛県,男性,55～59歳,30以下,16760
愛媛県,男性,55～59歳,31以上50以下,4843
愛媛県,男性,55～59歳,51以上,1878
高知県,男性,55～59歳,30以下,7761
高知県,男性,55～59歳,31以上50以下,2494
高知県,男性,55～59歳,51以上,1010
福岡県,男性,55～59歳,30以下,57437
福岡県,男性,55～59歳,31以上50以下,16088
福岡県,男性,55～59歳,51以上,6738
佐賀県,男性,55～59歳,30以下,9753
佐賀県,男性,55～59歳,31以上50以下,2797
佐賀県,男性,55～59歳,51以上,1081
長崎県,男性,55～59歳,30以下,15213
長崎県,男性,55～59歳,31以上50以下,4513
長崎県,男性,55～59歳,51以上,1910
熊本県,男性,55～59歳,30以下,21116
熊本県,男性,55～59歳,31以上50以下,6112
熊本県,男性,55～59歳,51以上,2559
大分県,男性,55～59歳,30以下,13970
大分県,男性,55～59歳,31以上50以下,4138
大分県,男性,55～59歳,51以上,1703
宮崎県,男性,55～59歳,30以下,12454
宮崎県,男性,55～59歳,31以上50以下,3467
宮崎県,男性,55～59歳,51以上,1478
鹿児島県,男性,55～59歳,30以下,18789
鹿児島県,男性,55～59歳,31以上50以下,5433
鹿児島県,男性,55～59歳,51以上,2195
沖縄県,男性,55～59歳,30以下,14550
沖縄県,男性,55～59歳,31以上50以下,4815
沖縄県,男性,55～59歳,51以上,1989
北海道,男性,60～64歳,30以下,54040
北海道,男性,60～64歳,31以上50以下,14697
北海道,男性,60～64歳,51以上,5848
青森県,男性,60～64歳,30以下,15707
青森県,男性,60～64歳,31以上50以下,4384
青森県,男性,60～64歳,51以上,1708
岩手県,男性,60～64歳,30以下,16646
岩手県,男性,60～64歳,31以上50以下,4402
岩手県,男性,60～64歳,51以上,1727
宮城県,男性,60～64歳,30以下,29195
宮城県,男性,60～64歳,31以上50以下,7650
宮城県,男性,60～64歳,51以上,3062
秋田県,男性,60～64歳,30以下,13078
秋田県,男性,60～64歳,31以上50以下,3644
秋田県,男性,60～64歳,51以上,1317
山形県,男性,60～64歳,30以下,16582
山形県,男性,60～64歳,31以上50以下,4410
山形県,男性,60～64歳,51以上,1537
福島県,男性,60～64歳,30以下,24883
福島県,男性,60～64歳,31以上50以下,6255
福島県,男性,60～64歳,51以上,2298
茨城県,男性,60～64歳,30以下,33945
茨城県,男性,60～64歳,31以上50以下,8282
茨城県,男性,60～64歳,51以上,3072
栃木県,男性,60～64歳,30以下,24561
栃木県,男性,60～64歳,31以上50以下,5797
栃木県,男性,60～64歳,51以上,2275
群馬県,男性,60～64歳,30以下,24051
群馬県,男性,60～64歳,31以上50以下,5314
群馬県,男性,60～64歳,51以上,1935
埼玉県,男性,60～64歳,30以下,81626
埼玉県,男性,60～64歳,31以上50以下,18746
埼玉県,男性,60～64歳,51以上,6960
千葉県,男性,60～64歳,30以下,66433
千葉県,男性,60～64歳,31以上50以下,16343
千葉県,男性,60～64歳,51以上,6276
東京都,男性,60～64歳,30以下,154792
東京都,男性,60～64歳,31以上50以下,35766
東京都,男性,60～64歳,51以上,14057
神奈川県,男性,60～64歳,30以下,102825
神奈川県,男性,60～64歳,31以上50以下,24481
神奈川県,男性,60～64歳,51以上,9363
新潟県,男性,60～64歳,30以下,31918
新潟県,男性,60～64歳,31以上50以下,7148
新潟県,男性,60～64歳,51以上,2488
富山県,男性,60～64歳,30以下,13517
富山県,男性,60～64歳,31以上50以下,3392
富山県,男性,60～64歳,51以上,1144
石川県,男性,60～64歳,30以下,13658
石川県,男性,60～64歳,31以上50以下,3369
石川県,男性,60～64歳,51以上,1193
福井県,男性,60～64歳,30以下,9907
福井県,男性,60～64歳,31以上50以下,2184
福井県,男性,60～64歳,51以上,836
山梨県,男性,60～64歳,30以下,11477
山梨県,男性,60～64歳,31以上50以下,2499
山梨県,男性,60～64歳,51以上,850
長野県,男性,60～64歳,30以下,27225
長野県,男性,60～64歳,31以上50以下,6327
長野県,男性,60～64歳,51以上,2139
岐阜県,男性,60～64歳,30以下,25612
岐阜県,男性,60～64歳,31以上50以下,5535
岐阜県,男性,60～64歳,51以上,2027
静岡県,男性,60～64歳,30以下,48663
静岡県,男性,60～64歳,31以上50以下,10342
静岡県,男性,60～64歳,51以上,3578
愛知県,男性,60～64歳,30以下,88745
愛知県,男性,60～64歳,31以上50以下,19314
愛知県,男性,60～64歳,51以上,7261
三重県,男性,60～64歳,30以下,22617
三重県,男性,60～64歳,31以上50以下,5159
三重県,男性,60～64歳,51以上,1905
滋賀県,男性,60～64歳,30以下,16666
滋賀県,男性,60～64歳,31以上50以下,4018
滋賀県,男性,60～64歳,51以上,1426
京都府,男性,60～64歳,30以下,27059
京都府,男性,60～64歳,31以上50以下,6030
京都府,男性,60～64歳,51以上,2187
大阪府,男性,60～64歳,30以下,83389
大阪府,男性,60～64歳,31以上50以下,19272
大阪府,男性,60～64歳,51以上,7105
兵庫県,男性,60～64歳,30以下,61057
兵庫県,男性,60～64歳,31以上50以下,13890
兵庫県,男性,60～64歳,51以上,5111
奈良県,男性,60～64歳,30以下,14269
奈良県,男性,60～64歳,31以上50以下,3265
奈良県,男性,60～64歳,51以上,1183
和歌山県,男性,60～64歳,30以下,10685
和歌山県,男性,60～64歳,31以上50以下,2463
和歌山県,男性,60～64歳,51以上,881
鳥取県,男性,60～64歳,30以下,6490
鳥取県,男性,60～64歳,31以上50以下,1603
鳥取県,男性,60～64歳,51以上,595
島根県,男性,60～64歳,30以下,9013
島根県,男性,60～64歳,31以上50以下,2197
島根県,男性,60～64歳,51以上,775
岡山県,男性,60～64歳,30以下,21324
岡山県,男性,60～64歳,31以上50以下,4746
岡山県,男性,60～64歳,51以上,1677
広島県,男性,60～64歳,30以下,31450
広島県,男性,60～64歳,31以上50以下,7588
広島県,男性,60～64歳,51以上,2864
山口県,男性,60～64歳,30以下,15087
山口県,男性,60～64歳,31以上50以下,3579
山口県,男性,60～64歳,51以上,1330
徳島県,男性,60～64歳,30以下,8538
徳島県,男性,60～64歳,31以上50以下,1958
徳島県,男性,60～64歳,51以上,631
香川県,男性,60～64歳,30以下,11460
香川県,男性,60～64歳,31以上50以下,2532
香川県,男性,60～64歳,51以上,930
愛媛県,男性,60～64歳,30以下,15821
愛媛県,男性,60～64歳,31以上50以下,3692
愛媛県,男性,60～64歳,51以上,1395
高知県,男性,60～64歳,30以下,7654
高知県,男性,60～64歳,31以上50以下,2050
高知県,男性,60～64歳,51以上,696
福岡県,男性,60～64歳,30以下,53458
福岡県,男性,60～64歳,31以上50以下,12361
福岡県,男性,60～64歳,51以上,4736
佐賀県,男性,60～64歳,30以下,9856
佐賀県,男性,60～64歳,31以上50以下,2168
佐賀県,男性,60～64歳,51以上,837
長崎県,男性,60～64歳,30以下,15642
長崎県,男性,60～64歳,31以上50以下,3775
長崎県,男性,60～64歳,51以上,1516
熊本県,男性,60～64歳,30以下,21188
熊本県,男性,60～64歳,31以上50以下,5120
熊本県,男性,60～64歳,51以上,1865
大分県,男性,60～64歳,30以下,14381
大分県,男性,60～64歳,31以上50以下,3507
大分県,男性,60～64歳,51以上,1267
宮崎県,男性,60～64歳,30以下,12875
宮崎県,男性,60～64歳,31以上50以下,3041
宮崎県,男性,60～64歳,51以上,1095
鹿児島県,男性,60～64歳,30以下,20207
鹿児島県,男性,60～64歳,31以上50以下,4958
鹿児島県,男性,60～64歳,51以上,1723
沖縄県,男性,60～64歳,30以下,13759
沖縄県,男性,60～64歳,31以上50以下,3647
沖縄県,男性,60～64歳,51以上,1360
北海道,男性,65～69歳,30以下,41823
北海道,男性,65～69歳,31以上50以下,9885
北海道,男性,65～69歳,51以上,3454
青森県,男性,65～69歳,30以下,13479
青森県,男性,65～69歳,31以上50以下,3172
青森県,男性,65～69歳,51以上,1124
岩手県,男性,65～69歳,30以下,15674
岩手県,男性,65～69歳,31以上50以下,3557
岩手県,男性,65～69歳,51以上,1163
宮城県,男性,65～69歳,30以下,28096
宮城県,男性,65～69歳,31以上50以下,6050
宮城県,男性,65～69歳,51以上,2171
秋田県,男性,65～69歳,30以下,12185
秋田県,男性,65～69歳,31以上50以下,2842
秋田県,男性,65～69歳,51以上,950
山形県,男性,65～69歳,30以下,16331
山形県,男性,65～69歳,31以上50以下,3834
山形県,男性,65～69歳,51以上,1216
福島県,男性,65～69歳,30以下,23873
福島県,男性,65～69歳,31以上50以下,5012
福島県,男性,65～69歳,51以上,1655
茨城県,男性,65～69歳,30以下,31368
茨城県,男性,65～69歳,31以上50以下,5887
茨城県,男性,65～69歳,51以上,2021
栃木県,男性,65～69歳,30以下,22020
栃木県,男性,65～69歳,31以上50以下,4582
栃木県,男性,65～69歳,51以上,1544
群馬県,男性,65～69歳,30以下,22389
群馬県,男性,65～69歳,31以上50以下,4057
群馬県,男性,65～69歳,51以上,1290
埼玉県,男性,65～69歳,30以下,71178
埼玉県,男性,65～69歳,31以上50以下,13221
埼玉県,男性,65～69歳,51以上,4473
千葉県,男性,65～69歳,30以下,58037
千葉県,男性,65～69歳,31以上50以下,11698
千葉県,男性,65～69歳,51以上,3954
東京都,男性,65～69歳,30以下,114606
東京都,男性,65～69歳,31以上50以下,22105
東京都,男性,65～69歳,51以上,7855
神奈川県,男性,65～69歳,30以下,72551
神奈川県,男性,65～69歳,31以上50以下,14153
神奈川県,男性,65～69歳,51以上,4848
新潟県,男性,65～69歳,30以下,29378
新潟県,男性,65～69歳,31以上50以下,5590
新潟県,男性,65～69歳,51以上,1738
富山県,男性,65～69歳,30以下,11792
富山県,男性,65～69歳,31以上50以下,2425
富山県,男性,65～69歳,51以上,843
石川県,男性,65～69歳,30以下,11872
石川県,男性,65～69歳,31以上50以下,2467
石川県,男性,65～69歳,51以上,834
福井県,男性,65～69歳,30以下,8043
福井県,男性,65～69歳,31以上50以下,1550
福井県,男性,65～69歳,51以上,540
山梨県,男性,65～69歳,30以下,10901
山梨県,男性,65～69歳,31以上50以下,1922
山梨県,男性,65～69歳,51以上,616
長野県,男性,65～69歳,30以下,25172
長野県,男性,65～69歳,31以上50以下,5030
長野県,男性,65～69歳,51以上,1564
岐阜県,男性,65～69歳,30以下,22579
岐阜県,男性,65～69歳,31以上50以下,4287
岐阜県,男性,65～69歳,51以上,1397
静岡県,男性,65～69歳,30以下,39299
静岡県,男性,65～69歳,31以上50以下,6996
静岡県,男性,65～69歳,51以上,2302
愛知県,男性,65～69歳,30以下,66898
愛知県,男性,65～69歳,31以上50以下,12224
愛知県,男性,65～69歳,51以上,4340
三重県,男性,65～69歳,30以下,19590
三重県,男性,65～69歳,31以上50以下,3908
三重県,男性,65～69歳,51以上,1253
滋賀県,男性,65～69歳,30以下,14133
滋賀県,男性,65～69歳,31以上50以下,2844
滋賀県,男性,65～69歳,51以上,985
京都府,男性,65～69歳,30以下,21521
京都府,男性,65～69歳,31以上50以下,4110
京都府,男性,65～69歳,51以上,1302
大阪府,男性,65～69歳,30以下,62057
大阪府,男性,65～69歳,31以上50以下,12104
大阪府,男性,65～69歳,51以上,4133
兵庫県,男性,65～69歳,30以下,50195
兵庫県,男性,65～69歳,31以上50以下,9540
兵庫県,男性,65～69歳,51以上,3117
奈良県,男性,65～69歳,30以下,12122
奈良県,男性,65～69歳,31以上50以下,2408
奈良県,男性,65～69歳,51以上,756
和歌山県,男性,65～69歳,30以下,9363
和歌山県,男性,65～69歳,31以上50以下,1843
和歌山県,男性,65～69歳,51以上,612
鳥取県,男性,65～69歳,30以下,5567
鳥取県,男性,65～69歳,31以上50以下,1168
鳥取県,男性,65～69歳,51以上,402
島根県,男性,65～69歳,30以下,8705
島根県,男性,65～69歳,31以上50以下,1884
島根県,男性,65～69歳,51以上,598
岡山県,男性,65～69歳,30以下,18192
岡山県,男性,65～69歳,31以上50以下,3446
岡山県,男性,65～69歳,51以上,1072
広島県,男性,65～69歳,30以下,25009
広島県,男性,65～69歳,31以上50以下,4965
広島県,男性,65～69歳,51以上,1644
山口県,男性,65～69歳,30以下,13229
山口県,男性,65～69歳,31以上50以下,2827
山口県,男性,65～69歳,51以上,902
徳島県,男性,65～69歳,30以下,8254
徳島県,男性,65～69歳,31以上50以下,1545
徳島県,男性,65～69歳,51以上,455
香川県,男性,65～69歳,30以下,10521
香川県,男性,65～69歳,31以上50以下,2024
香川県,男性,65～69歳,51以上,701
愛媛県,男性,65～69歳,30以下,13127
愛媛県,男性,65～69歳,31以上50以下,2531
愛媛県,男性,65～69歳,51以上,863
高知県,男性,65～69歳,30以下,7294
高知県,男性,65～69歳,31以上50以下,1538
高知県,男性,65～69歳,51以上,511
福岡県,男性,65～69歳,30以下,46156
福岡県,男性,65～69歳,31以上50以下,9145
福岡県,男性,65～69歳,51以上,3086
佐賀県,男性,65～69歳,30以下,9396
佐賀県,男性,65～69歳,31以上50以下,1930
佐賀県,男性,65～69歳,51以上,592
長崎県,男性,65～69歳,30以下,14986
長崎県,男性,65～69歳,31以上50以下,3098
長崎県,男性,65～69歳,51以上,1075
熊本県,男性,65～69歳,30以下,20008
熊本県,男性,65～69歳,31以上50以下,4026
熊本県,男性,65～69歳,51以上,1345
大分県,男性,65～69歳,30以下,13224
大分県,男性,65～69歳,31以上50以下,2894
大分県,男性,65～69歳,51以上,910
宮崎県,男性,65～69歳,30以下,12077
宮崎県,男性,65～69歳,31以上50以下,2518
宮崎県,男性,65～69歳,51以上,818
鹿児島県,男性,65～69歳,30以下,20211
鹿児島県,男性,65～69歳,31以上50以下,4081
鹿児島県,男性,65～69歳,51以上,1257
沖縄県,男性,65～69歳,30以下,12828
沖縄県,男性,65～69歳,31以上50以下,2834
沖縄県,男性,65～69歳,51以上,842
北海道,男性,70～74歳,30以下,38795
北海道,男性,70～74歳,31以上50以下,7297
北海道,男性,70～74歳,51以上,2193
青森県,男性,70～74歳,30以下,14283
青森県,男性,70～74歳,31以上50以下,2870
青森県,男性,70～74歳,51以上,863
岩手県,男性,70～74歳,30以下,17629
岩手県,男性,70～74歳,31以上50以下,3025
岩手県,男性,70～74歳,51以上,939
宮城県,男性,70～74歳,30以下,32149
宮城県,男性,70～74歳,31以上50以下,5326
宮城県,男性,70～74歳,51以上,1645
秋田県,男性,70～74歳,30以下,12956
秋田県,男性,70～74歳,31以上50以下,2409
秋田県,男性,70～74歳,51以上,706
山形県,男性,70～74歳,30以下,17962
山形県,男性,70～74歳,31以上50以下,3372
山形県,男性,70～74歳,51以上,983
福島県,男性,70～74歳,30以下,26443
福島県,男性,70～74歳,31以上50以下,4353
福島県,男性,70～74歳,51以上,1357
茨城県,男性,70～74歳,30以下,33950
茨城県,男性,70～74歳,31以上50以下,5080
茨城県,男性,70～74歳,51以上,1434
栃木県,男性,70～74歳,30以下,23915
栃木県,男性,70～74歳,31以上50以下,3953
栃木県,男性,70～74歳,51以上,1103
群馬県,男性,70～74歳,30以下,27162
群馬県,男性,70～74歳,31以上50以下,3866
群馬県,男性,70～74歳,51以上,1101
埼玉県,男性,70～74歳,30以下,88271
埼玉県,男性,70～74歳,31以上50以下,13121
埼玉県,男性,70～74歳,51以上,4076
千葉県,男性,70～74歳,30以下,72579
千葉県,男性,70～74歳,31以上50以下,11222
千葉県,男性,70～74歳,51以上,3389
東京都,男性,70～74歳,30以下,138958
東京都,男性,70～74歳,31以上50以下,21292
東京都,男性,70～74歳,51以上,6500
神奈川県,男性,70～74歳,30以下,83444
神奈川県,男性,70～74歳,31以上50以下,12847
神奈川県,男性,70～74歳,51以上,3749
新潟県,男性,70～74歳,30以下,33797
新潟県,男性,70～74歳,31以上50以下,5192
新潟県,男性,70～74歳,51以上,1487
富山県,男性,70～74歳,30以下,14817
富山県,男性,70～74歳,31以上50以下,2340
富山県,男性,70～74歳,51以上,701
石川県,男性,70～74歳,30以下,15233
石川県,男性,70～74歳,31以上50以下,2581
石川県,男性,70～74歳,51以上,785
福井県,男性,70～74歳,30以下,8654
福井県,男性,70～74歳,31以上50以下,1347
福井県,男性,70～74歳,51以上,392
山梨県,男性,70～74歳,30以下,12013
山梨県,男性,70～74歳,31以上50以下,1767
山梨県,男性,70～74歳,51以上,486
長野県,男性,70～74歳,30以下,30743
長野県,男性,70～74歳,31以上50以下,4783
長野県,男性,70～74歳,51以上,1220
岐阜県,男性,70～74歳,30以下,27507
岐阜県,男性,70～74歳,31以上50以下,4023
岐阜県,男性,70～74歳,51以上,1202
静岡県,男性,70～74歳,30以下,45068
静岡県,男性,70～74歳,31以上50以下,6286
静岡県,男性,70～74歳,51以上,1772
愛知県,男性,70～74歳,30以下,82364
愛知県,男性,70～74歳,31以上50以下,12170
愛知県,男性,70～74歳,51以上,3674
三重県,男性,70～74歳,30以下,24800
三重県,男性,70～74歳,31以上50以下,3919
三重県,男性,70～74歳,51以上,1237
滋賀県,男性,70～74歳,30以下,16971
滋賀県,男性,70～74歳,31以上50以下,2706
滋賀県,男性,70～74歳,51以上,789
京都府,男性,70～74歳,30以下,26969
京都府,男性,70～74歳,31以上50以下,3939
京都府,男性,70～74歳,51以上,1225
大阪府,男性,70～74歳,30以下,74681
大阪府,男性,70～74歳,31以上50以下,12048
大阪府,男性,70～74歳,51以上,3627
兵庫県,男性,70～74歳,30以下,60429
兵庫県,男性,70～74歳,31以上50以下,8673
兵庫県,男性,70～74歳,51以上,2529
奈良県,男性,70～74歳,30以下,15426
奈良県,男性,70～74歳,31以上50以下,2422
奈良県,男性,70～74歳,51以上,635
和歌山県,男性,70～74歳,30以下,11563
和歌山県,男性,70～74歳,31以上50以下,1684
和歌山県,男性,70～74歳,51以上,520
鳥取県,男性,70～74歳,30以下,5780
鳥取県,男性,70～74歳,31以上50以下,961
鳥取県,男性,70～74歳,51以上,277
島根県,男性,70～74歳,30以下,10816
島根県,男性,70～74歳,31以上50以下,1760
島根県,男性,70～74歳,51以上,497
岡山県,男性,70～74歳,30以下,19867
岡山県,男性,70～74歳,31以上50以下,2975
岡山県,男性,70～74歳,51以上,880
広島県,男性,70～74歳,30以下,27236
広島県,男性,70～74歳,31以上50以下,4387
広島県,男性,70～74歳,51以上,1259
山口県,男性,70～74歳,30以下,15574
山口県,男性,70～74歳,31以上50以下,2522
山口県,男性,70～74歳,51以上,715
徳島県,男性,70～74歳,30以下,10123
徳島県,男性,70～74歳,31以上50以下,1519
徳島県,男性,70～74歳,51以上,373
香川県,男性,70～74歳,30以下,13783
香川県,男性,70～74歳,31以上50以下,2001
香川県,男性,70～74歳,51以上,564
愛媛県,男性,70～74歳,30以下,14205
愛媛県,男性,70～74歳,31以上50以下,2220
愛媛県,男性,70～74歳,51以上,649
高知県,男性,70～74歳,30以下,8921
高知県,男性,70～74歳,31以上50以下,1486
高知県,男性,70～74歳,51以上,372
福岡県,男性,70～74歳,30以下,51932
福岡県,男性,70～74歳,31以上50以下,8082
福岡県,男性,70～74歳,51以上,2453
佐賀県,男性,70～74歳,30以下,10554
佐賀県,男性,70～74歳,31以上50以下,1728
佐賀県,男性,70～74歳,51以上,497
長崎県,男性,70～74歳,30以下,17155
長崎県,男性,70～74歳,31以上50以下,2795
長崎県,男性,70～74歳,51以上,840
熊本県,男性,70～74歳,30以下,20871
熊本県,男性,70～74歳,31以上50以下,3347
熊本県,男性,70～74歳,51以上,937
大分県,男性,70～74歳,30以下,14903
大分県,男性,70～74歳,31以上50以下,2602
大分県,男性,70～74歳,51以上,670
宮崎県,男性,70～74歳,30以下,14011
宮崎県,男性,70～74歳,31以上50以下,2349
宮崎県,男性,70～74歳,51以上,655
鹿児島県,男性,70～74歳,30以下,23529
鹿児島県,男性,70～74歳,31以上50以下,3760
鹿児島県,男性,70～74歳,51以上,1077
沖縄県,男性,70～74歳,30以下,12753
沖縄県,男性,70～74歳,31以上50以下,2165
沖縄県,男性,70～74歳,51以上,586
北海道,女性,40～44歳,30以下,58976
北海道,女性,40～44歳,31以上50以下,3255
北海道,女性,40～44歳,51以上,1507
青森県,女性,40～44歳,30以下,16009
青森県,女性,40～44歳,31以上50以下,962
青森県,女性,40～44歳,51以上,453
岩手県,女性,40～44歳,30以下,16869
岩手県,女性,40～44歳,31以上50以下,924
岩手県,女性,40～44歳,51以上,424
宮城県,女性,40～44歳,30以下,35902
宮城県,女性,40～44歳,31以上50以下,1782
宮城県,女性,40～44歳,51以上,901
秋田県,女性,40～44歳,30以下,13065
秋田県,女性,40～44歳,31以上50以下,743
秋田県,女性,40～44歳,51以上,376
山形県,女性,40～44歳,30以下,18718
山形県,女性,40～44歳,31以上50以下,914
山形県,女性,40～44歳,51以上,373
福島県,女性,40～44歳,30以下,25465
福島県,女性,40～44歳,31以上50以下,1382
福島県,女性,40～44歳,51以上,690
茨城県,女性,40～44歳,30以下,38547
茨城県,女性,40～44歳,31以上50以下,1980
茨城県,女性,40～44歳,51以上,950
栃木県,女性,40～44歳,30以下,26929
栃木県,女性,40～44歳,31以上50以下,1455
栃木県,女性,40～44歳,51以上,624
群馬県,女性,40～44歳,30以下,24470
群馬県,女性,40～44歳,31以上50以下,1133
群馬県,女性,40～44歳,51以上,508
埼玉県,女性,40～44歳,30以下,99483
埼玉県,女性,40～44歳,31以上50以下,4828
埼玉県,女性,40～44歳,51以上,2250
千葉県,女性,40～44歳,30以下,85020
千葉県,女性,40～44歳,31以上50以下,4118
千葉県,女性,40～44歳,51以上,1960
東京都,女性,40～44歳,30以下,249533
東京都,女性,40～44歳,31以上50以下,11231
東京都,女性,40～44歳,51以上,4902
神奈川県,女性,40～44歳,30以下,134069
神奈川県,女性,40～44歳,31以上50以下,6144
神奈川県,女性,40～44歳,51以上,2707
新潟県,女性,40～44歳,30以下,34069
新潟県,女性,40～44歳,31以上50以下,1466
新潟県,女性,40～44歳,51以上,584
富山県,女性,40～44歳,30以下,15767
富山県,女性,40～44歳,31以上50以下,702
富山県,女性,40～44歳,51以上,312
石川県,女性,40～44歳,30以下,17476
石川県,女性,40～44歳,31以上50以下,766
石川県,女性,40～44歳,51以上,330
福井県,女性,40～44歳,30以下,11544
福井県,女性,40～44歳,31以上50以下,477
福井県,女性,40～44歳,51以上,197
山梨県,女性,40～44歳,30以下,11826
山梨県,女性,40～44歳,31以上50以下,497
山梨県,女性,40～44歳,51以上,219
長野県,女性,40～44歳,30以下,29512
長野県,女性,40～44歳,31以上50以下,1271
長野県,女性,40～44歳,51以上,530
岐阜県,女性,40～44歳,30以下,26205
岐阜県,女性,40～44歳,31以上50以下,1068
岐阜県,女性,40～44歳,51以上,535
静岡県,女性,40～44歳,30以下,51251
静岡県,女性,40～44歳,31以上50以下,2265
静岡県,女性,40～44歳,51以上,1027
愛知県,女性,40～44歳,30以下,107538
愛知県,女性,40～44歳,31以上50以下,4660
愛知県,女性,40～44歳,51以上,2125
三重県,女性,40～44歳,30以下,23929
三重県,女性,40～44歳,31以上50以下,1057
三重県,女性,40～44歳,51以上,501
滋賀県,女性,40～44歳,30以下,22206
滋賀県,女性,40～44歳,31以上50以下,919
滋賀県,女性,40～44歳,51以上,431
京都府,女性,40～44歳,30以下,34216
京都府,女性,40～44歳,31以上50以下,1407
京都府,女性,40～44歳,51以上,620
大阪府,女性,40～44歳,30以下,115127
大阪府,女性,40～44歳,31以上50以下,5153
大阪府,女性,40～44歳,51以上,2380
兵庫県,女性,40～44歳,30以下,70575
兵庫県,女性,40～44歳,31以上50以下,2975
兵庫県,女性,40～44歳,51以上,1276
奈良県,女性,40～44歳,30以下,16230
奈良県,女性,40～44歳,31以上50以下,689
奈良県,女性,40～44歳,51以上,301
和歌山県,女性,40～44歳,30以下,10448
和歌山県,女性,40～44歳,31以上50以下,493
和歌山県,女性,40～44歳,51以上,209
鳥取県,女性,40～44歳,30以下,7478
鳥取県,女性,40～44歳,31以上50以下,345
鳥取県,女性,40～44歳,51以上,152
島根県,女性,40～44歳,30以下,9875
島根県,女性,40～44歳,31以上50以下,419
島根県,女性,40～44歳,51以上,195
岡山県,女性,40～44歳,30以下,25567
岡山県,女性,40～44歳,31以上50以下,1138
岡山県,女性,40～44歳,51以上,518
広島県,女性,40～44歳,30以下,36437
広島県,女性,40～44歳,31以上50以下,1684
広島県,女性,40～44歳,51以上,773
山口県,女性,40～44歳,30以下,15516
山口県,女性,40～44歳,31以上50以下,720
山口県,女性,40～44歳,51以上,309
徳島県,女性,40～44歳,30以下,9595
徳島県,女性,40～44歳,31以上50以下,423
徳島県,女性,40～44歳,51以上,188
香川県,女性,40～44歳,30以下,13101
香川県,女性,40～44歳,31以上50以下,629
香川県,女性,40～44歳,51以上,272
愛媛県,女性,40～44歳,30以下,18045
愛媛県,女性,40～44歳,31以上50以下,868
愛媛県,女性,40～44歳,51以上,419
高知県,女性,40～44歳,30以下,9291
高知県,女性,40～44歳,31以上50以下,471
高知県,女性,40～44歳,51以上,232
福岡県,女性,40～44歳,30以下,71070
福岡県,女性,40～44歳,31以上50以下,3346
福岡県,女性,40～44歳,51以上,1528
佐賀県,女性,40～44歳,30以下,10597
佐賀県,女性,40～44歳,31以上50以下,468
佐賀県,女性,40～44歳,51以上,233
長崎県,女性,40～44歳,30以下,16380
長崎県,女性,40～44歳,31以上50以下,821
長崎県,女性,40～44歳,51以上,378
熊本県,女性,40～44歳,30以下,24778
熊本県,女性,40～44歳,31以上50以下,1256
熊本県,女性,40～44歳,51以上,612
大分県,女性,40～44歳,30以下,16304
大分県,女性,40～44歳,31以上50以下,843
大分県,女性,40～44歳,51以上,396
宮崎県,女性,40～44歳,30以下,13538
宮崎県,女性,40～44歳,31以上50以下,683
宮崎県,女性,40～44歳,51以上,334
鹿児島県,女性,40～44歳,30以下,18879
鹿児島県,女性,40～44歳,31以上50以下,1026
鹿児島県,女性,40～44歳,51以上,460
沖縄県,女性,40～44歳,30以下,20187
沖縄県,女性,40～44歳,31以上50以下,1515
沖縄県,女性,40～44歳,51以上,706
北海道,女性,45～49歳,30以下,72009
北海道,女性,45～49歳,31以上50以下,4789
北海道,女性,45～49歳,51以上,2087
青森県,女性,45～49歳,30以下,19121
青森県,女性,45～49歳,31以上50以下,1449
青森県,女性,45～49歳,51以上,680
岩手県,女性,45～49歳,30以下,19857
岩手県,女性,45～49歳,31以上50以下,1324
岩手県,女性,45～49歳,51以上,568
宮城県,女性,45～49歳,30以下,41365
宮城県,女性,45～49歳,31以上50以下,2554
宮城県,女性,45～49歳,51以上,1184
秋田県,女性,45～49歳,30以下,14919
秋田県,女性,45～49歳,31以上50以下,1057
秋田県,女性,45～49歳,51以上,493
山形県,女性,45～49歳,30以下,20523
山形県,女性,45～49歳,31以上50以下,1274
山形県,女性,45～49歳,51以上,509
福島県,女性,45～49歳,30以下,29437
福島県,女性,45～49歳,31以上50以下,1854
福島県,女性,45～49歳,51以上,850
茨城県,女性,45～49歳,30以下,47171
茨城県,女性,45～49歳,31以上50以下,2877
茨城県,女性,45～49歳,51以上,1283
栃木県,女性,45～49歳,30以下,32173
栃木県,女性,45～49歳,31以上50以下,1978
栃木県,女性,45～49歳,51以上,931
群馬県,女性,45～49歳,30以下,31775
群馬県,女性,45～49歳,31以上50以下,1773
群馬県,女性,45～49歳,51以上,801
埼玉県,女性,45～49歳,30以下,122220
埼玉県,女性,45～49歳,31以上50以下,7079
埼玉県,女性,45～49歳,51以上,3071
千葉県,女性,45～49歳,30以下,103649
千葉県,女性,45～49歳,31以上50以下,6211
千葉県,女性,45～49歳,51以上,2774
東京都,女性,45～49歳,30以下,282521
東京都,女性,45～49歳,31以上50以下,15457
東京都,女性,45～49歳,51以上,6581
神奈川県,女性,45～49歳,30以下,162641
神奈川県,女性,45～49歳,31以上50以下,8996
神奈川県,女性,45～49歳,51以上,3938
新潟県,女性,45～49歳,30以下,41461
新潟県,女性,45～49歳,31以上50以下,2082
新潟県,女性,45～49歳,51以上,945
富山県,女性,45～49歳,30以下,20629
富山県,女性,45～49歳,31以上50以下,1114
富山県,女性,45～49歳,51以上,456
石川県,女性,45～49歳,30以下,22387
石川県,女性,45～49歳,31以上50以下,1165
石川県,女性,45～49歳,51以上,491
福井県,女性,45～49歳,30以下,14081
福井県,女性,45～49歳,31以上50以下,695
福井県,女性,45～49歳,51以上,286
山梨県,女性,45～49歳,30以下,14822
山梨県,女性,45～49歳,31以上50以下,755
山梨県,女性,45～49歳,51以上,370
長野県,女性,45～49歳,30以下,37808
長野県,女性,45～49歳,31以上50以下,1902
長野県,女性,45～49歳,51以上,773
岐阜県,女性,45～49歳,30以下,33684
岐阜県,女性,45～49歳,31以上50以下,1750
岐阜県,女性,45～49歳,51以上,694
静岡県,女性,45～49歳,30以下,63826
静岡県,女性,45～49歳,31以上50以下,3278
静岡県,女性,45～49歳,51以上,1503
愛知県,女性,45～49歳,30以下,131599
愛知県,女性,45～49歳,31以上50以下,6870
愛知県,女性,45～49歳,51以上,3079
三重県,女性,45～49歳,30以下,30565
三重県,女性,45～49歳,31以上50以下,1645
三重県,女性,45～49歳,51以上,707
滋賀県,女性,45～49歳,30以下,25734
滋賀県,女性,45～49歳,31以上50以下,1314
滋賀県,女性,45～49歳,51以上,559
京都府,女性,45～49歳,30以下,42553
京都府,女性,45～49歳,31以上50以下,2089
京都府,女性,45～49歳,51以上,845
大阪府,女性,45～49歳,30以下,143221
大阪府,女性,45～49歳,31以上50以下,7756
大阪府,女性,45～49歳,51以上,3412
兵庫県,女性,45～49歳,30以下,89304
兵庫県,女性,45～49歳,31以上50以下,4674
兵庫県,女性,45～49歳,51以上,1958
奈良県,女性,45～49歳,30以下,20447
奈良県,女性,45～49歳,31以上50以下,1000
奈良県,女性,45～49歳,51以上,446
和歌山県,女性,45～49歳,30以下,13245
和歌山県,女性,45～49歳,31以上50以下,746
和歌山県,女性,45～49歳,51以上,323
鳥取県,女性,45～49歳,30以下,8787
鳥取県,女性,45～49歳,31以上50以下,497
鳥取県,女性,45～49歳,51以上,192
島根県,女性,45～49歳,30以下,11879
島根県,女性,45～49歳,31以上50以下,633
島根県,女性,45～49歳,51以上,281
岡山県,女性,45～49歳,30以下,31900
岡山県,女性,45～49歳,31以上50以下,1711
岡山県,女性,45～49歳,51以上,733
広島県,女性,45～49歳,30以下,46152
広島県,女性,45～49歳,31以上50以下,2614
広島県,女性,45～49歳,51以上,1075
山口県,女性,45～49歳,30以下,19630
山口県,女性,45～49歳,31以上50以下,1139
山口県,女性,45～49歳,51以上,468
徳島県,女性,45～49歳,30以下,11780
徳島県,女性,45～49歳,31以上50以下,636
徳島県,女性,45～49歳,51以上,292
香川県,女性,45～49歳,30以下,16474
香川県,女性,45～49歳,31以上50以下,951
香川県,女性,45～49歳,51以上,405
愛媛県,女性,45～49歳,30以下,21959
愛媛県,女性,45～49歳,31以上50以下,1280
愛媛県,女性,45～49歳,51以上,590
高知県,女性,45～49歳,30以下,11540
高知県,女性,45～49歳,31以上50以下,766
高知県,女性,45～49歳,51以上,318
福岡県,女性,45～49歳,30以下,80683
福岡県,女性,45～49歳,31以上50以下,4619
福岡県,女性,45～49歳,51以上,2075
佐賀県,女性,45～49歳,30以下,11923
佐賀県,女性,45～49歳,31以上50以下,721
佐賀県,女性,45～49歳,51以上,347
長崎県,女性,45～49歳,30以下,19040
長崎県,女性,45～49歳,31以上50以下,1205
長崎県,女性,45～49歳,51以上,526
熊本県,女性,45～49歳,30以下,27887
熊本県,女性,45～49歳,31以上50以下,1715
熊本県,女性,45～49歳,51以上,794
大分県,女性,45～49歳,30以下,18901
大分県,女性,45～49歳,31以上50以下,1228
大分県,女性,45～49歳,51以上,542
宮崎県,女性,45～49歳,30以下,15724
宮崎県,女性,45～49歳,31以上50以下,1038
宮崎県,女性,45～49歳,51以上,462
鹿児島県,女性,45～49歳,30以下,20841
鹿児島県,女性,45～49歳,31以上50以下,1337
鹿児島県,女性,45～49歳,51以上,621
沖縄県,女性,45～49歳,30以下,22545
沖縄県,女性,45～49歳,31以上50以下,2030
沖縄県,女性,45～49歳,51以上,873
北海道,女性,50～54歳,30以下,65999
北海道,女性,50～54歳,31以上50以下,6852
北海道,女性,50～54歳,51以上,2871
青森県,女性,50～54歳,30以下,18088
青森県,女性,50～54歳,31以上50以下,1992
青森県,女性,50～54歳,51以上,900
岩手県,女性,50～54歳,30以下,18337
岩手県,女性,50～54歳,31以上50以下,1889
岩手県,女性,50～54歳,51以上,763
宮城県,女性,50～54歳,30以下,36736
宮城県,女性,50～54歳,31以上50以下,3497
宮城県,女性,50～54歳,51以上,1482
秋田県,女性,50～54歳,30以下,14025
秋田県,女性,50～54歳,31以上50以下,1536
秋田県,女性,50～54歳,51以上,667
山形県,女性,50～54歳,30以下,18669
山形県,女性,50～54歳,31以上50以下,1861
山形県,女性,50～54歳,51以上,717
福島県,女性,50～54歳,30以下,26876
福島県,女性,50～54歳,31以上50以下,2721
福島県,女性,50～54歳,51以上,1132
茨城県,女性,50～54歳,30以下,44096
茨城県,女性,50～54歳,31以上50以下,4150
茨城県,女性,50～54歳,51以上,1737
栃木県,女性,50～54歳,30以下,29628
栃木県,女性,50～54歳,31以上50以下,2899
栃木県,女性,50～54歳,51以上,1179
群馬県,女性,50～54歳,30以下,30596
群馬県,女性,50～54歳,31以上50以下,2639
群馬県,女性,50～54歳,51以上,1046
埼玉県,女性,50～54歳,30以下,117374
埼玉県,女性,50～54歳,31以上50以下,10577
埼玉県,女性,50～54歳,51以上,4212
千葉県,女性,50～54歳,30以下,99869
千葉県,女性,50～54歳,31以上50以下,9284
千葉県,女性,50～54歳,51以上,3723
東京都,女性,50～54歳,30以下,265386
東京都,女性,50～54歳,31以上50以下,22933
東京都,女性,50～54歳,51以上,9075
神奈川県,女性,50～54歳,30以下,159468
神奈川県,女性,50～54歳,31以上50以下,14068
神奈川県,女性,50～54歳,51以上,5575
新潟県,女性,50～54歳,30以下,37795
新潟県,女性,50～54歳,31以上50以下,3109
新潟県,女性,50～54歳,51以上,1160
富山県,女性,50～54歳,30以下,19256
富山県,女性,50～54歳,31以上50以下,1613
富山県,女性,50～54歳,51以上,608
石川県,女性,50～54歳,30以下,20239
石川県,女性,50～54歳,31以上50以下,1657
石川県,女性,50～54歳,51以上,670
福井県,女性,50～54歳,30以下,12965
福井県,女性,50～54歳,31以上50以下,1089
福井県,女性,50～54歳,51以上,390
山梨県,女性,50～54歳,30以下,14701
山梨県,女性,50～54歳,31以上50以下,1263
山梨県,女性,50～54歳,51以上,492
長野県,女性,50～54歳,30以下,36134
長野県,女性,50～54歳,31以上50以下,3014
長野県,女性,50～54歳,51以上,1119
岐阜県,女性,50～54歳,30以下,32973
岐阜県,女性,50～54歳,31以上50以下,2660
岐阜県,女性,50～54歳,51以上,1049
静岡県,女性,50～54歳,30以下,61787
静岡県,女性,50～54歳,31以上50以下,5198
静岡県,女性,50～54歳,51以上,2079
愛知県,女性,50～54歳,30以下,126329
愛知県,女性,50～54歳,31以上50以下,10242
愛知県,女性,50～54歳,51以上,4219
三重県,女性,50～54歳,30以下,29541
三重県,女性,50～54歳,31以上50以下,2546
三重県,女性,50～54歳,51以上,1072
滋賀県,女性,50～54歳,30以下,23393
滋賀県,女性,50～54歳,31以上50以下,1965
滋賀県,女性,50～54歳,51以上,823
京都府,女性,50～54歳,30以下,39646
京都府,女性,50～54歳,31以上50以下,3252
京都府,女性,50～54歳,51以上,1194
大阪府,女性,50～54歳,30以下,139895
大阪府,女性,50～54歳,31以上50以下,11711
大阪府,女性,50～54歳,51以上,4946
兵庫県,女性,50～54歳,30以下,86438
兵庫県,女性,50～54歳,31以上50以下,6890
兵庫県,女性,50～54歳,51以上,2755
奈良県,女性,50～54歳,30以下,20262
奈良県,女性,50～54歳,31以上50以下,1756
奈良県,女性,50～54歳,51以上,631
和歌山県,女性,50～54歳,30以下,13181
和歌山県,女性,50～54歳,31以上50以下,1139
和歌山県,女性,50～54歳,51以上,425
鳥取県,女性,50～54歳,30以下,7618
鳥取県,女性,50～54歳,31以上50以下,734
鳥取県,女性,50～54歳,51以上,318
島根県,女性,50～54歳,30以下,10185
島根県,女性,50～54歳,31以上50以下,946
島根県,女性,50～54歳,51以上,367
岡山県,女性,50～54歳,30以下,28995
岡山県,女性,50～54歳,31以上50以下,2520
岡山県,女性,50～54歳,51以上,999
広島県,女性,50～54歳,30以下,42521
広島県,女性,50～54歳,31以上50以下,3843
広島県,女性,50～54歳,51以上,1515
山口県,女性,50～54歳,30以下,18798
山口県,女性,50～54歳,31以上50以下,1689
山口県,女性,50～54歳,51以上,743
徳島県,女性,50～54歳,30以下,10887
徳島県,女性,50～54歳,31以上50以下,999
徳島県,女性,50～54歳,51以上,361
香川県,女性,50～54歳,30以下,14913
香川県,女性,50～54歳,31以上50以下,1293
香川県,女性,50～54歳,51以上,547
愛媛県,女性,50～54歳,30以下,20608
愛媛県,女性,50～54歳,31以上50以下,1782
愛媛県,女性,50～54歳,51以上,761
高知県,女性,50～54歳,30以下,10429
高知県,女性,50～54歳,31以上50以下,1052
高知県,女性,50～54歳,51以上,442
福岡県,女性,50～54歳,30以下,72520
福岡県,女性,50～54歳,31以上50以下,6487
福岡県,女性,50～54歳,51以上,2651
佐賀県,女性,50～54歳,30以下,10939
佐賀県,女性,50～54歳,31以上50以下,1020
佐賀県,女性,50～54歳,51以上,402
長崎県,女性,50～54歳,30以下,18240
長崎県,女性,50～54歳,31以上50以下,1730
長崎県,女性,50～54歳,51以上,757
熊本県,女性,50～54歳,30以下,25087
熊本県,女性,50～54歳,31以上50以下,2474
熊本県,女性,50～54歳,51以上,1017
大分県,女性,50～54歳,30以下,17398
大分県,女性,50～54歳,31以上50以下,1736
大分県,女性,50～54歳,51以上,716
宮崎県,女性,50～54歳,30以下,14185
宮崎県,女性,50～54歳,31以上50以下,1387
宮崎県,女性,50～54歳,51以上,581
鹿児島県,女性,50～54歳,30以下,19730
鹿児島県,女性,50～54歳,31以上50以下,1928
鹿児島県,女性,50～54歳,51以上,830
沖縄県,女性,50～54歳,30以下,19345
沖縄県,女性,50～54歳,31以上50以下,2526
沖縄県,女性,50～54歳,51以上,1152
北海道,女性,55～59歳,30以下,56928
北海道,女性,55～59歳,31以上50以下,6873
北海道,女性,55～59歳,51以上,2636
青森県,女性,55～59歳,30以下,16861
青森県,女性,55～59歳,31以上50以下,2280
青森県,女性,55～59歳,51以上,904
岩手県,女性,55～59歳,30以下,17043
岩手県,女性,55～59歳,31以上50以下,1987
岩手県,女性,55～59歳,51以上,716
宮城県,女性,55～59歳,30以下,31877
宮城県,女性,55～59歳,31以上50以下,3719
宮城県,女性,55～59歳,51以上,1421
秋田県,女性,55～59歳,30以下,13226
秋田県,女性,55～59歳,31以上50以下,1788
秋田県,女性,55～59歳,51以上,635
山形県,女性,55～59歳,30以下,17876
山形県,女性,55～59歳,31以上50以下,2124
山形県,女性,55～59歳,51以上,766
福島県,女性,55～59歳,30以下,25634
福島県,女性,55～59歳,31以上50以下,3050
福島県,女性,55～59歳,51以上,1119
茨城県,女性,55～59歳,30以下,36613
茨城県,女性,55～59歳,31以上50以下,4124
茨城県,女性,55～59歳,51以上,1532
栃木県,女性,55～59歳,30以下,24623
栃木県,女性,55～59歳,31以上50以下,2910
栃木県,女性,55～59歳,51以上,1015
群馬県,女性,55～59歳,30以下,25592
群馬県,女性,55～59歳,31以上50以下,2605
群馬県,女性,55～59歳,51以上,957
埼玉県,女性,55～59歳,30以下,93513
埼玉県,女性,55～59歳,31以上50以下,9730
埼玉県,女性,55～59歳,51以上,3559
千葉県,女性,55～59歳,30以下,78490
千葉県,女性,55～59歳,31以上50以下,8637
千葉県,女性,55～59歳,51以上,3186
東京都,女性,55～59歳,30以下,205336
東京都,女性,55～59歳,31以上50以下,20986
東京都,女性,55～59歳,51以上,7528
神奈川県,女性,55～59歳,30以下,122151
神奈川県,女性,55～59歳,31以上50以下,13091
神奈川県,女性,55～59歳,51以上,4722
新潟県,女性,55～59歳,30以下,33754
新潟県,女性,55～59歳,31以上50以下,3240
新潟県,女性,55～59歳,51以上,1191
富山県,女性,55～59歳,30以下,15957
富山県,女性,55～59歳,31以上50以下,1581
富山県,女性,55～59歳,51以上,552
石川県,女性,55～59歳,30以下,16618
石川県,女性,55～59歳,31以上50以下,1765
石川県,女性,55～59歳,51以上,644
福井県,女性,55～59歳,30以下,11359
福井県,女性,55～59歳,31以上50以下,1140
福井県,女性,55～59歳,51以上,379
山梨県,女性,55～59歳,30以下,13400
山梨県,女性,55～59歳,31以上50以下,1308
山梨県,女性,55～59歳,51以上,481
長野県,女性,55～59歳,30以下,31403
長野県,女性,55～59歳,31以上50以下,3247
長野県,女性,55～59歳,51以上,1046
岐阜県,女性,55～59歳,30以下,28325
岐阜県,女性,55～59歳,31以上50以下,2782
岐阜県,女性,55～59歳,51以上,970
静岡県,女性,55～59歳,30以下,51667
静岡県,女性,55～59歳,31以上50以下,5023
静岡県,女性,55～59歳,51以上,1818
愛知県,女性,55～59歳,30以下,99335
愛知県,女性,55～59歳,31以上50以下,9470
愛知県,女性,55～59歳,51以上,3438
三重県,女性,55～59歳,30以下,25208
三重県,女性,55～59歳,31以上50以下,2567
三重県,女性,55～59歳,51以上,992
滋賀県,女性,55～59歳,30以下,19445
滋賀県,女性,55～59歳,31以上50以下,2002
滋賀県,女性,55～59歳,51以上,712
京都府,女性,55～59歳,30以下,32488
京都府,女性,55～59歳,31以上50以下,3139
京都府,女性,55～59歳,51以上,1049
大阪府,女性,55～59歳,30以下,109168
大阪府,女性,55～59歳,31以上50以下,11149
大阪府,女性,55～59歳,51以上,4059
兵庫県,女性,55～59歳,30以下,70314
兵庫県,女性,55～59歳,31以上50以下,6812
兵庫県,女性,55～59歳,51以上,2322
奈良県,女性,55～59歳,30以下,16986
奈良県,女性,55～59歳,31以上50以下,1731
奈良県,女性,55～59歳,51以上,626
和歌山県,女性,55～59歳,30以下,12031
和歌山県,女性,55～59歳,31以上50以下,1238
和歌山県,女性,55～59歳,51以上,434
鳥取県,女性,55～59歳,30以下,7007
鳥取県,女性,55～59歳,31以上50以下,763
鳥取県,女性,55～59歳,51以上,308
島根県,女性,55～59歳,30以下,9425
島根県,女性,55～59歳,31以上50以下,974
島根県,女性,55～59歳,51以上,347
岡山県,女性,55～59歳,30以下,23719
岡山県,女性,55～59歳,31以上50以下,2420
岡山県,女性,55～59歳,51以上,864
広島県,女性,55～59歳,30以下,33953
広島県,女性,55～59歳,31以上50以下,3545
広島県,女性,55～59歳,51以上,1351
山口県,女性,55～59歳,30以下,15658
山口県,女性,55～59歳,31以上50以下,1642
山口県,女性,55～59歳,51以上,623
徳島県,女性,55～59歳,30以下,9840
徳島県,女性,55～59歳,31以上50以下,987
徳島県,女性,55～59歳,51以上,364
香川県,女性,55～59歳,30以下,12338
香川県,女性,55～59歳,31以上50以下,1298
香川県,女性,55～59歳,51以上,492
愛媛県,女性,55～59歳,30以下,17783
愛媛県,女性,55～59歳,31以上50以下,1808
愛媛県,女性,55～59歳,51以上,707
高知県,女性,55～59歳,30以下,9084
高知県,女性,55～59歳,31以上50以下,1091
高知県,女性,55～59歳,51以上,401
福岡県,女性,55～59歳,30以下,59900
福岡県,女性,55～59歳,31以上50以下,6227
福岡県,女性,55～59歳,51以上,2222
佐賀県,女性,55～59歳,30以下,10119
佐賀県,女性,55～59歳,31以上50以下,1082
佐賀県,女性,55～59歳,51以上,405
長崎県,女性,55～59歳,30以下,16838
長崎県,女性,55～59歳,31以上50以下,1879
長崎県,女性,55～59歳,51以上,726
熊本県,女性,55～59歳,30以下,23873
熊本県,女性,55～59歳,31以上50以下,2629
熊本県,女性,55～59歳,51以上,976
大分県,女性,55～59歳,30以下,15451
大分県,女性,55～59歳,31以上50以下,1720
大分県,女性,55～59歳,51以上,613
宮崎県,女性,55～59歳,30以下,13010
宮崎県,女性,55～59歳,31以上50以下,1481
宮崎県,女性,55～59歳,51以上,558
鹿児島県,女性,55～59歳,30以下,18817
鹿児島県,女性,55～59歳,31以上50以下,2195
鹿児島県,女性,55～59歳,51以上,795
沖縄県,女性,55～59歳,30以下,16375
沖縄県,女性,55～59歳,31以上50以下,2404
沖縄県,女性,55～59歳,51以上,915
北海道,女性,60～64歳,30以下,47254
北海道,女性,60～64歳,31以上50以下,5324
北海道,女性,60～64歳,51以上,1923
青森県,女性,60～64歳,30以下,16292
青森県,女性,60～64歳,31以上50以下,1984
青森県,女性,60～64歳,51以上,660
岩手県,女性,60～64歳,30以下,17343
岩手県,女性,60～64歳,31以上50以下,1834
岩手県,女性,60～64歳,51以上,669
宮城県,女性,60～64歳,30以下,31095
宮城県,女性,60～64歳,31以上50以下,3233
宮城県,女性,60～64歳,51以上,1117
秋田県,女性,60～64歳,30以下,13857
秋田県,女性,60～64歳,31以上50以下,1720
秋田県,女性,60～64歳,51以上,574
山形県,女性,60～64歳,30以下,18611
山形県,女性,60～64歳,31以上50以下,2041
山形県,女性,60～64歳,51以上,696
福島県,女性,60～64歳,30以下,26684
福島県,女性,60～64歳,31以上50以下,2977
福島県,女性,60～64歳,51以上,995
茨城県,女性,60～64歳,30以下,33822
茨城県,女性,60～64歳,31以上50以下,3251
茨城県,女性,60～64歳,51以上,1179
栃木県,女性,60～64歳,30以下,23554
栃木県,女性,60～64歳,31以上50以下,2386
栃木県,女性,60～64歳,51以上,900
群馬県,女性,60～64歳,30以下,23469
群馬県,女性,60～64歳,31以上50以下,2181
群馬県,女性,60～64歳,51以上,677
埼玉県,女性,60～64歳,30以下,77685
埼玉県,女性,60～64歳,31以上50以下,7356
埼玉県,女性,60～64歳,51以上,2492
千葉県,女性,60～64歳,30以下,65545
千葉県,女性,60～64歳,31以上50以下,6580
千葉県,女性,60～64歳,51以上,2269
東京都,女性,60～64歳,30以下,155054
東京都,女性,60～64歳,31以上50以下,14775
東京都,女性,60～64歳,51以上,4880
神奈川県,女性,60～64歳,30以下,90106
神奈川県,女性,60～64歳,31以上50以下,8806
神奈川県,女性,60～64歳,51以上,2924
新潟県,女性,60～64歳,30以下,31725
新潟県,女性,60～64歳,31以上50以下,2834
新潟県,女性,60～64歳,51以上,943
富山県,女性,60～64歳,30以下,14045
富山県,女性,60～64歳,31以上50以下,1337
富山県,女性,60～64歳,51以上,436
石川県,女性,60～64歳,30以下,14959
石川県,女性,60～64歳,31以上50以下,1438
石川県,女性,60～64歳,51以上,490
福井県,女性,60～64歳,30以下,10086
福井県,女性,60～64歳,31以上50以下,921
福井県,女性,60～64歳,51以上,304
山梨県,女性,60～64歳,30以下,12485
山梨県,女性,60～64歳,31以上50以下,1104
山梨県,女性,60～64歳,51以上,352
長野県,女性,60～64歳,30以下,28715
長野県,女性,60～64歳,31以上50以下,2756
長野県,女性,60～64歳,51以上,855
岐阜県,女性,60～64歳,30以下,26199
岐阜県,女性,60～64歳,31以上50以下,2286
岐阜県,女性,60～64歳,51以上,783
静岡県,女性,60～64歳,30以下,46078
静岡県,女性,60～64歳,31以上50以下,4128
静岡県,女性,60～64歳,51以上,1355
愛知県,女性,60～64歳,30以下,79714
愛知県,女性,60～64歳,31以上50以下,7357
愛知県,女性,60～64歳,51以上,2467
三重県,女性,60～64歳,30以下,22852
三重県,女性,60～64歳,31以上50以下,2246
三重県,女性,60～64歳,51以上,738
滋賀県,女性,60～64歳,30以下,17579
滋賀県,女性,60～64歳,31以上50以下,1695
滋賀県,女性,60～64歳,51以上,535
京都府,女性,60～64歳,30以下,26776
京都府,女性,60～64歳,31以上50以下,2364
京都府,女性,60～64歳,51以上,784
大阪府,女性,60～64歳,30以下,82618
大阪府,女性,60～64歳,31以上50以下,7904
大阪府,女性,60～64歳,51以上,2660
兵庫県,女性,60～64歳,30以下,59586
兵庫県,女性,60～64歳,31以上50以下,5314
兵庫県,女性,60～64歳,51以上,1694
奈良県,女性,60～64歳,30以下,14630
奈良県,女性,60～64歳,31以上50以下,1417
奈良県,女性,60～64歳,51以上,465
和歌山県,女性,60～64歳,30以下,11035
和歌山県,女性,60～64歳,31以上50以下,1034
和歌山県,女性,60～64歳,51以上,329
鳥取県,女性,60～64歳,30以下,6737
鳥取県,女性,60～64歳,31以上50以下,694
鳥取県,女性,60～64歳,51以上,240
島根県,女性,60～64歳,30以下,9636
島根県,女性,60～64歳,31以上50以下,922
島根県,女性,60～64歳,51以上,289
岡山県,女性,60～64歳,30以下,21466
岡山県,女性,60～64歳,31以上50以下,2043
岡山県,女性,60～64歳,51以上,630
広島県,女性,60～64歳,30以下,29417
広島県,女性,60～64歳,31以上50以下,2801
広島県,女性,60～64歳,51以上,950
山口県,女性,60～64歳,30以下,14916
山口県,女性,60～64歳,31以上50以下,1464
山口県,女性,60～64歳,51以上,473
徳島県,女性,60～64歳,30以下,9598
徳島県,女性,60～64歳,31以上50以下,837
徳島県,女性,60～64歳,51以上,281
香川県,女性,60～64歳,30以下,12165
香川県,女性,60～64歳,31以上50以下,1131
香川県,女性,60～64歳,51以上,383
愛媛県,女性,60～64歳,30以下,16440
愛媛県,女性,60～64歳,31以上50以下,1506
愛媛県,女性,60～64歳,51以上,509
高知県,女性,60～64歳,30以下,8897
高知県,女性,60～64歳,31以上50以下,902
高知県,女性,60～64歳,51以上,322
福岡県,女性,60～64歳,30以下,53230
福岡県,女性,60～64歳,31以上50以下,5062
福岡県,女性,60～64歳,51以上,1799
佐賀県,女性,60～64歳,30以下,10292
佐賀県,女性,60～64歳,31以上50以下,1007
佐賀県,女性,60～64歳,51以上,368
長崎県,女性,60～64歳,30以下,16744
長崎県,女性,60～64歳,31以上50以下,1708
長崎県,女性,60～64歳,51以上,551
熊本県,女性,60～64歳,30以下,23056
熊本県,女性,60～64歳,31以上50以下,2239
熊本県,女性,60～64歳,51以上,817
大分県,女性,60～64歳,30以下,15515
大分県,女性,60～64歳,31以上50以下,1550
大分県,女性,60～64歳,51以上,555
宮崎県,女性,60～64歳,30以下,13183
宮崎県,女性,60～64歳,31以上50以下,1308
宮崎県,女性,60～64歳,51以上,489
鹿児島県,女性,60～64歳,30以下,20324
鹿児島県,女性,60～64歳,31以上50以下,2089
鹿児島県,女性,60～64歳,51以上,710
沖縄県,女性,60～64歳,30以下,14998
沖縄県,女性,60～64歳,31以上50以下,1913
沖縄県,女性,60～64歳,51以上,698
北海道,女性,65～69歳,30以下,39844
北海道,女性,65～69歳,31以上50以下,3991
北海道,女性,65～69歳,51以上,1235
青森県,女性,65～69歳,30以下,16206
青森県,女性,65～69歳,31以上50以下,1763
青森県,女性,65～69歳,51以上,561
岩手県,女性,65～69歳,30以下,19034
岩手県,女性,65～69歳,31以上50以下,1787
岩手県,女性,65～69歳,51以上,539
宮城県,女性,65～69歳,30以下,32754
宮城県,女性,65～69歳,31以上50以下,2938
宮城県,女性,65～69歳,51以上,984
秋田県,女性,65～69歳,30以下,14630
秋田県,女性,65～69歳,31以上50以下,1476
秋田県,女性,65～69歳,51以上,490
山形県,女性,65～69歳,30以下,19168
山形県,女性,65～69歳,31以上50以下,1963
山形県,女性,65～69歳,51以上,612
福島県,女性,65～69歳,30以下,27798
福島県,女性,65～69歳,31以上50以下,2562
福島県,女性,65～69歳,51以上,862
茨城県,女性,65～69歳,30以下,34574
茨城県,女性,65～69歳,31以上50以下,2747
茨城県,女性,65～69歳,51以上,952
栃木県,女性,65～69歳,30以下,24326
栃木県,女性,65～69歳,31以上50以下,2205
栃木県,女性,65～69歳,51以上,730
群馬県,女性,65～69歳,30以下,25876
群馬県,女性,65～69歳,31以上50以下,2189
群馬県,女性,65～69歳,51以上,741
埼玉県,女性,65～69歳,30以下,78788
埼玉県,女性,65～69歳,31以上50以下,6755
埼玉県,女性,65～69歳,51以上,2239
千葉県,女性,65～69歳,30以下,67357
千葉県,女性,65～69歳,31以上50以下,5861
千葉県,女性,65～69歳,51以上,1874
東京都,女性,65～69歳,30以下,135418
東京都,女性,65～69歳,31以上50以下,11482
東京都,女性,65～69歳,51以上,3918
神奈川県,女性,65～69歳,30以下,74878
神奈川県,女性,65～69歳,31以上50以下,6261
神奈川県,女性,65～69歳,51以上,1983
新潟県,女性,65～69歳,30以下,32939
新潟県,女性,65～69歳,31以上50以下,2652
新潟県,女性,65～69歳,51以上,824
富山県,女性,65～69歳,30以下,14201
富山県,女性,65～69歳,31以上50以下,1226
富山県,女性,65～69歳,51以上,377
石川県,女性,65～69歳,30以下,14543
石川県,女性,65～69歳,31以上50以下,1347
石川県,女性,65～69歳,51以上,454
福井県,女性,65～69歳,30以下,8970
福井県,女性,65～69歳,31以上50以下,757
福井県,女性,65～69歳,51以上,221
山梨県,女性,65～69歳,30以下,12655
山梨県,女性,65～69歳,31以上50以下,978
山梨県,女性,65～69歳,51以上,319
長野県,女性,65～69歳,30以下,29019
長野県,女性,65～69歳,31以上50以下,2479
長野県,女性,65～69歳,51以上,750
岐阜県,女性,65～69歳,30以下,25798
岐阜県,女性,65～69歳,31以上50以下,2191
岐阜県,女性,65～69歳,51以上,705
静岡県,女性,65～69歳,30以下,42749
静岡県,女性,65～69歳,31以上50以下,3288
静岡県,女性,65～69歳,51以上,1126
愛知県,女性,65～69歳,30以下,74038
愛知県,女性,65～69歳,31以上50以下,6218
愛知県,女性,65～69歳,51以上,2129
三重県,女性,65～69歳,30以下,23595
三重県,女性,65～69歳,31以上50以下,2147
三重県,女性,65～69歳,51以上,723
滋賀県,女性,65～69歳,30以下,16350
滋賀県,女性,65～69歳,31以上50以下,1389
滋賀県,女性,65～69歳,51以上,481
京都府,女性,65～69歳,30以下,24123
京都府,女性,65～69歳,31以上50以下,1904
京都府,女性,65～69歳,51以上,585
大阪府,女性,65～69歳,30以下,71760
大阪府,女性,65～69歳,31以上50以下,6087
大阪府,女性,65～69歳,51以上,1951
兵庫県,女性,65～69歳,30以下,55526
兵庫県,女性,65～69歳,31以上50以下,4285
兵庫県,女性,65～69歳,51以上,1303
奈良県,女性,65～69歳,30以下,14891
奈良県,女性,65～69歳,31以上50以下,1291
奈良県,女性,65～69歳,51以上,389
和歌山県,女性,65～69歳,30以下,11388
和歌山県,女性,65～69歳,31以上50以下,881
和歌山県,女性,65～69歳,51以上,295
鳥取県,女性,65～69歳,30以下,6420
鳥取県,女性,65～69歳,31以上50以下,633
鳥取県,女性,65～69歳,51以上,200
島根県,女性,65～69歳,30以下,10242
島根県,女性,65～69歳,31以上50以下,915
島根県,女性,65～69歳,51以上,233
岡山県,女性,65～69歳,30以下,19973
岡山県,女性,65～69歳,31以上50以下,1673
岡山県,女性,65～69歳,51以上,522
広島県,女性,65～69歳,30以下,25998
広島県,女性,65～69歳,31以上50以下,2332
広島県,女性,65～69歳,51以上,737
山口県,女性,65～69歳,30以下,15342
山口県,女性,65～69歳,31以上50以下,1380
山口県,女性,65～69歳,51以上,409
徳島県,女性,65～69歳,30以下,10416
徳島県,女性,65～69歳,31以上50以下,862
徳島県,女性,65～69歳,51以上,259
香川県,女性,65～69歳,30以下,12804
香川県,女性,65～69歳,31以上50以下,1062
香川県,女性,65～69歳,51以上,371
愛媛県,女性,65～69歳,30以下,15224
愛媛県,女性,65～69歳,31以上50以下,1261
愛媛県,女性,65～69歳,51以上,353
高知県,女性,65～69歳,30以下,9088
高知県,女性,65～69歳,31以上50以下,759
高知県,女性,65～69歳,51以上,206
福岡県,女性,65～69歳,30以下,51678
福岡県,女性,65～69歳,31以上50以下,4435
福岡県,女性,65～69歳,51以上,1442
佐賀県,女性,65～69歳,30以下,11001
佐賀県,女性,65～69歳,31以上50以下,902
佐賀県,女性,65～69歳,51以上,281
長崎県,女性,65～69歳,30以下,18035
長崎県,女性,65～69歳,31以上50以下,1557
長崎県,女性,65～69歳,51以上,533
熊本県,女性,65～69歳,30以下,23094
熊本県,女性,65～69歳,31以上50以下,1927
熊本県,女性,65～69歳,51以上,612
大分県,女性,65～69歳,30以下,15350
大分県,女性,65～69歳,31以上50以下,1355
大分県,女性,65～69歳,51以上,478
宮崎県,女性,65～69歳,30以下,14388
宮崎県,女性,65～69歳,31以上50以下,1263
宮崎県,女性,65～69歳,51以上,409
鹿児島県,女性,65～69歳,30以下,23308
鹿児島県,女性,65～69歳,31以上50以下,2134
鹿児島県,女性,65～69歳,51以上,710
沖縄県,女性,65～69歳,30以下,14778
沖縄県,女性,65～69歳,31以上50以下,1549
沖縄県,女性,65～69歳,51以上,564
北海道,女性,70～74歳,30以下,46058
北海道,女性,70～74歳,31以上50以下,3793
北海道,女性,70～74歳,51以上,1270
青森県,女性,70～74歳,30以下,19139
青森県,女性,70～74歳,31以上50以下,1773
青森県,女性,70～74歳,51以上,538
岩手県,女性,70～74歳,30以下,22906
岩手県,女性,70～74歳,31以上50以下,1820
岩手県,女性,70～74歳,51以上,537
宮城県,女性,70～74歳,30以下,39411
宮城県,女性,70～74歳,31以上50以下,3032
宮城県,女性,70～74歳,51以上,867
秋田県,女性,70～74歳,30以下,16525
秋田県,女性,70～74歳,31以上50以下,1413
秋田県,女性,70～74歳,51以上,424
山形県,女性,70～74歳,30以下,20211
山形県,女性,70～74歳,31以上50以下,1653
山形県,女性,70～74歳,51以上,501
福島県,女性,70～74歳,30以下,31572
福島県,女性,70～74歳,31以上50以下,2418
福島県,女性,70～74歳,51以上,756
茨城県,女性,70～74歳,30以下,39594
茨城県,女性,70～74歳,31以上50以下,2618
茨城県,女性,70～74歳,51以上,929
栃木県,女性,70～74歳,30以下,28051
栃木県,女性,70～74歳,31以上50以下,2145
栃木県,女性,70～74歳,51以上,660
群馬県,女性,70～74歳,30以下,34589
群馬県,女性,70～74歳,31以上50以下,2415
群馬県,女性,70～74歳,51以上,818
埼玉県,女性,70～74歳,30以下,112038
埼玉県,女性,70～74歳,31以上50以下,8070
埼玉県,女性,70～74歳,51以上,2558
千葉県,女性,70～74歳,30以下,93394
千葉県,女性,70～74歳,31以上50以下,6649
千葉県,女性,70～74歳,51以上,2034
東京都,女性,70～74歳,30以下,189387
東京都,女性,70～74歳,31以上50以下,13819
東京都,女性,70～74歳,51以上,4642
神奈川県,女性,70～74歳,30以下,101605
神奈川県,女性,70～74歳,31以上50以下,7413
神奈川県,女性,70～74歳,51以上,2268
新潟県,女性,70～74歳,30以下,40580
新潟県,女性,70～74歳,31以上50以下,2651
新潟県,女性,70～74歳,51以上,789
富山県,女性,70～74歳,30以下,20042
富山県,女性,70～74歳,31以上50以下,1450
富山県,女性,70～74歳,51以上,429
石川県,女性,70～74歳,30以下,20467
石川県,女性,70～74歳,31以上50以下,1598
石川県,女性,70～74歳,51以上,500
福井県,女性,70～74歳,30以下,10329
福井県,女性,70～74歳,31以上50以下,783
福井県,女性,70～74歳,51以上,230
山梨県,女性,70～74歳,30以下,14358
山梨県,女性,70～74歳,31以上50以下,961
山梨県,女性,70～74歳,51以上,289
長野県,女性,70～74歳,30以下,37936
長野県,女性,70～74歳,31以上50以下,2680
長野県,女性,70～74歳,51以上,742
岐阜県,女性,70～74歳,30以下,33848
岐阜県,女性,70～74歳,31以上50以下,2411
岐阜県,女性,70～74歳,51以上,733
静岡県,女性,70～74歳,30以下,53877
静岡県,女性,70～74歳,31以上50以下,3425
静岡県,女性,70～74歳,51以上,1072
愛知県,女性,70～74歳,30以下,104067
愛知県,女性,70～74歳,31以上50以下,7352
愛知県,女性,70～74歳,51以上,2382
三重県,女性,70～74歳,30以下,32731
三重県,女性,70～74歳,31以上50以下,2612
三重県,女性,70～74歳,51以上,829
滋賀県,女性,70～74歳,30以下,21147
滋賀県,女性,70～74歳,31以上50以下,1583
滋賀県,女性,70～74歳,51以上,457
京都府,女性,70～74歳,30以下,33897
京都府,女性,70～74歳,31以上50以下,2377
京都府,女性,70～74歳,51以上,689
大阪府,女性,70～74歳,30以下,100771
大阪府,女性,70～74歳,31以上50以下,7515
大阪府,女性,70～74歳,51以上,2232
兵庫県,女性,70～74歳,30以下,74417
兵庫県,女性,70～74歳,31以上50以下,4855
兵庫県,女性,70～74歳,51以上,1450
奈良県,女性,70～74歳,30以下,21115
奈良県,女性,70～74歳,31以上50以下,1450
奈良県,女性,70～74歳,51以上,401
和歌山県,女性,70～74歳,30以下,15041
和歌山県,女性,70～74歳,31以上50以下,1035
和歌山県,女性,70～74歳,51以上,331
鳥取県,女性,70～74歳,30以下,7563
鳥取県,女性,70～74歳,31以上50以下,607
鳥取県,女性,70～74歳,51以上,181
島根県,女性,70～74歳,30以下,13478
島根県,女性,70～74歳,31以上50以下,1046
島根県,女性,70～74歳,51以上,267
岡山県,女性,70～74歳,30以下,24820
岡山県,女性,70～74歳,31以上50以下,1694
岡山県,女性,70～74歳,51以上,483
広島県,女性,70～74歳,30以下,32169
広島県,女性,70～74歳,31以上50以下,2306
広島県,女性,70～74歳,51以上,693
山口県,女性,70～74歳,30以下,20523
山口県,女性,70～74歳,31以上50以下,1440
山口県,女性,70～74歳,51以上,462
徳島県,女性,70～74歳,30以下,12982
徳島県,女性,70～74歳,31以上50以下,881
徳島県,女性,70～74歳,51以上,246
香川県,女性,70～74歳,30以下,18365
香川県,女性,70～74歳,31以上50以下,1318
香川県,女性,70～74歳,51以上,414
愛媛県,女性,70～74歳,30以下,18109
愛媛県,女性,70～74歳,31以上50以下,1270
愛媛県,女性,70～74歳,51以上,370
高知県,女性,70～74歳,30以下,11699
高知県,女性,70～74歳,31以上50以下,770
高知県,女性,70～74歳,51以上,201
福岡県,女性,70～74歳,30以下,64580
福岡県,女性,70～74歳,31以上50以下,4629
福岡県,女性,70～74歳,51以上,1459
佐賀県,女性,70～74歳,30以下,12807
佐賀県,女性,70～74歳,31以上50以下,957
佐賀県,女性,70～74歳,51以上,287
長崎県,女性,70～74歳,30以下,22134
長崎県,女性,70～74歳,31以上50以下,1648
長崎県,女性,70～74歳,51以上,538
熊本県,女性,70～74歳,30以下,25830
熊本県,女性,70～74歳,31以上50以下,1733
熊本県,女性,70～74歳,51以上,536
大分県,女性,70～74歳,30以下,19235
大分県,女性,70～74歳,31以上50以下,1379
大分県,女性,70～74歳,51以上,378
宮崎県,女性,70～74歳,30以下,18065
宮崎県,女性,70～74歳,31以上50以下,1309
宮崎県,女性,70～74歳,51以上,433
鹿児島県,女性,70～74歳,30以下,28747
鹿児島県,女性,70～74歳,31以上50以下,2136
鹿児島県,女性,70～74歳,51以上,602
沖縄県,女性,70～74歳,30以下,14771
沖縄県,女性,70～74歳,31以上50以下,1382
沖縄県,女性,70～74歳,51以上,438
